{
  "rms_mag": 0.031165,
  "hausdorff_norm": 0.041631,
  "iou": 0.975806,
  "confidence": 0.9767
}