{
  "rms_mag": 0.036665,
  "hausdorff_norm": 0.049331,
  "iou": 0.956006,
  "confidence": 0.8667
}