{
  "rms_mag": 0.034565,
  "hausdorff_norm": 0.046391,
  "iou": 0.963566,
  "confidence": 0.9087
}