{
  "rms_mag": 0.034585,
  "hausdorff_norm": 0.046419,
  "iou": 0.963494,
  "confidence": 0.9083
}