{
  "rms_mag": 0.032785,
  "hausdorff_norm": 0.043899,
  "iou": 0.969974,
  "confidence": 0.9443
}