{
  "rms_mag": 0.038385,
  "hausdorff_norm": 0.051739,
  "iou": 0.949814,
  "confidence": 0.8323
}