{
  "rms_mag": 0.03725,
  "hausdorff_norm": 0.05015,
  "iou": 0.9539,
  "confidence": 0.855
}