{
  "rms_mag": 0.033365,
  "hausdorff_norm": 0.044711,
  "iou": 0.967886,
  "confidence": 0.9327
}