{
  "rms_mag": 0.032585,
  "hausdorff_norm": 0.043619,
  "iou": 0.970694,
  "confidence": 0.9483
}