{
  "rms_mag": 0.035165,
  "hausdorff_norm": 0.047231,
  "iou": 0.961406,
  "confidence": 0.8967
}