{
  "rms_mag": 0.03471,
  "hausdorff_norm": 0.046594,
  "iou": 0.963044,
  "confidence": 0.9058
}