{
  "rms_mag": 0.03825,
  "hausdorff_norm": 0.05155,
  "iou": 0.9503,
  "confidence": 0.835
}