{
  "rms_mag": 0.03675,
  "hausdorff_norm": 0.04945,
  "iou": 0.9557,
  "confidence": 0.865
}