{
  "rms_mag": 0.038335,
  "hausdorff_norm": 0.051669,
  "iou": 0.949994,
  "confidence": 0.8333
}