{
  "pole_lambda_deg": 70.60332785202439,
  "pole_beta_deg": 65.42719979354149,
  "period_hours": 3.965277578766163,
  "pole_uncertainty_deg": 5.0,
  "period_uncertainty_hr": 0.01,
  "chi2_final": 215.82003016223004
}