{
  "pole_lambda_deg": 327.63382059851557,
  "pole_beta_deg": -25.401635664419445,
  "period_hours": 10.22937251085397,
  "pole_uncertainty_deg": 5.0,
  "period_uncertainty_hr": 0.01,
  "chi2_final": 6.782343823452288
}