{
  "pole_lambda_deg": 194.13610604798964,
  "pole_beta_deg": 72.0019977345512,
  "period_hours": 9.663157736555359,
  "pole_uncertainty_deg": 5.0,
  "period_uncertainty_hr": 0.01,
  "chi2_final": 2436.286282994815
}