{
  "pole_lambda_deg": 108.46454781839411,
  "pole_beta_deg": -74.27021733059041,
  "period_hours": 11.320681175091611,
  "pole_uncertainty_deg": 5.0,
  "period_uncertainty_hr": 0.01,
  "chi2_final": 4.537211295331491
}