{
  "pole_lambda_deg": 41.00661173484795,
  "pole_beta_deg": 28.676555264961507,
  "period_hours": 16.27562284752326,
  "pole_uncertainty_deg": 5.0,
  "period_uncertainty_hr": 0.01,
  "chi2_final": 10.981500199623968
}