{
  "pole_lambda_deg": 353.15313876569314,
  "pole_beta_deg": -13.543615166293776,
  "period_hours": 9.667488468241412,
  "pole_uncertainty_deg": 5.0,
  "period_uncertainty_hr": 0.01,
  "chi2_final": 306.19781880633883
}