{
  "pole_lambda_deg": 63.48800751040847,
  "pole_beta_deg": -5.852782902857072,
  "period_hours": 9.665020381062536,
  "pole_uncertainty_deg": 5.0,
  "period_uncertainty_hr": 0.01,
  "chi2_final": 236.10391297383933
}