{
  "pole_lambda_deg": 278.6241774801468,
  "pole_beta_deg": -11.001880844630577,
  "period_hours": 17.5961646384935,
  "pole_uncertainty_deg": 5.0,
  "period_uncertainty_hr": 0.01,
  "chi2_final": 0.11979998217874104
}