{
  "pole_lambda_deg": 197.75450961930213,
  "pole_beta_deg": -9.6125957788486,
  "period_hours": 11.707169145099053,
  "pole_uncertainty_deg": 5.0,
  "period_uncertainty_hr": 0.01,
  "chi2_final": 1.3863830183876595
}