{
  "pole_lambda_deg": 52.76955704482836,
  "pole_beta_deg": 10.64707920108664,
  "period_hours": 6.114776148778067,
  "pole_uncertainty_deg": 5.0,
  "period_uncertainty_hr": 0.01,
  "chi2_final": 7.679499802788407
}