{
  "rms_mag": 0.036085,
  "hausdorff_norm": 0.048519,
  "iou": 0.958094,
  "confidence": 0.8783
}