{
  "rms_mag": 0.03475,
  "hausdorff_norm": 0.04665,
  "iou": 0.9629,
  "confidence": 0.905
}