{
  "rms_mag": 0.032085,
  "hausdorff_norm": 0.042919,
  "iou": 0.972494,
  "confidence": 0.9583
}