{
  "rms_mag": 0.035415,
  "hausdorff_norm": 0.047581,
  "iou": 0.960506,
  "confidence": 0.8917
}