{
  "jd": [
    2451726.046800736,
    2451726.051063236,
    2451726.055325736,
    2451726.059588236,
    2451726.063850736,
    2451726.0681132358,
    2451726.0723757357,
    2451726.0766382357,
    2451726.0809007357,
    2451726.0851632357,
    2451726.0894257356,
    2451726.093688236,
    2451726.097950736,
    2451726.102213236,
    2451726.106475736,
    2451726.110738236,
    2451726.115000736,
    2451726.119263236,
    2451726.123525736,
    2451726.127788236,
    2451726.132050736,
    2451726.136313236,
    2451726.140575736,
    2451726.144838236,
    2451726.149100736,
    2451726.1533632358,
    2451726.1576257357,
    2451726.1618882357,
    2451726.1661507357,
    2451726.1704132357,
    2451726.1746757356,
    2451726.178938236,
    2451726.183200736,
    2451726.187463236,
    2451726.191725736,
    2451726.195988236,
    2451726.200250736,
    2451726.204513236,
    2451726.208775736,
    2451726.213038236,
    2451726.217300736,
    2451726.221563236,
    2451726.225825736,
    2451726.230088236,
    2451726.234350736,
    2451726.2386132358,
    2451726.2428757357,
    2451726.2471382357,
    2451726.2514007357,
    2451726.2556632357,
    2451726.2599257356,
    2451726.264188236,
    2451726.268450736,
    2451726.272713236,
    2451726.276975736,
    2451726.281238236,
    2451726.285500736,
    2451726.289763236,
    2451726.294025736,
    2451726.298288236
  ],
  "mag": [
    0.000409851316559795,
    0.006529983756485169,
    -0.011041758408400604,
    -0.018306683838394733,
    0.012874664239398648,
    -0.0025719652591265074,
    0.01229704656371755,
    0.008135301269319939,
    0.027370896211570184,
    0.016954830384716235,
    0.01777080128179742,
    0.005103211226173965,
    0.02202096608425519,
    0.023848672918337144,
    0.01787266328342163,
    0.014721327297001707,
    0.007722595819413147,
    0.0009958656393833643,
    0.006216450883286928,
    -0.009448585252989528,
    -0.01641271474725503,
    -0.014176906130904499,
    -0.010510957726927117,
    -0.012496340102352566,
    -0.019518830567141876,
    -0.014109062363192315,
    -0.023725311918296743,
    -0.015289413349512948,
    -0.030336830992491848,
    -0.02669969930662841,
    -0.008574340532835123,
    0.004470204489251284,
    0.0018420521411415258,
    -0.009100614376072791,
    0.005176146815769833,
    -0.010046882331261386,
    0.023915983625333315,
    0.012746317113593975,
    0.019665995059788166,
    0.021963199463479022,
    0.0248600028806929,
    0.0063182689242595735,
    0.019873012193212247,
    0.021179529501119454,
    0.011120663508171091,
    0.015017345453585573,
    0.005716710547439163,
    -0.005562482811745539,
    0.017470354735499072,
    -0.0021470197391364465,
    -0.01171433644608566,
    -0.01477559374839199,
    -0.005579773371610752,
    -0.0029168974135469483,
    -0.021180530309307777,
    -0.027080370065733383,
    -0.013806206946473942,
    -0.020194202411855322,
    -0.014004761224784001,
    -0.020851842934741516
  ],
  "mag_err": [
    0.005,
    0.005,
    0.005,
    0.005,
    0.005,
    0.005,
    0.005,
    0.005,
    0.005,
    0.005,
    0.005,
    0.005,
    0.005,
    0.005,
    0.005,
    0.005,
    0.005,
    0.005,
    0.005,
    0.005,
    0.005,
    0.005,
    0.005,
    0.005,
    0.005,
    0.005,
    0.005,
    0.005,
    0.005,
    0.005,
    0.005,
    0.005,
    0.005,
    0.005,
    0.005,
    0.005,
    0.005,
    0.005,
    0.005,
    0.005,
    0.005,
    0.005,
    0.005,
    0.005,
    0.005,
    0.005,
    0.005,
    0.005,
    0.005,
    0.005,
    0.005,
    0.005,
    0.005,
    0.005,
    0.005,
    0.005,
    0.005,
    0.005,
    0.005,
    0.005
  ],
  "brightness": [
    22.327660374736045,
    22.20215675077554,
    22.56440371518442,
    22.715893900751155,
    22.072793094323757,
    22.389064326512177,
    22.08453906671271,
    22.169353962248323,
    21.780046344688056,
    21.989999823011004,
    21.97347973368956,
    22.231351918162062,
    21.887631664427904,
    21.8508174534176,
    21.971418314325707,
    22.035282723866118,
    22.177782485032655,
    22.31561251422403,
    22.208569092151176,
    22.531317741058338,
    22.676302610070678,
    22.62965434841177,
    22.553375001622356,
    22.594653940086516,
    22.74126873168078,
    22.62824034652053,
    22.829546410657034,
    22.652853866230668,
    22.968989563221175,
    22.892173972874044,
    22.513182620246965,
    22.244317036740924,
    22.298227247470642,
    22.524097767992316,
    22.229858551456452,
    22.54373708970287,
    21.849462844098642,
    22.075402519147673,
    21.935157646395698,
    21.888796227374815,
    21.83047356370833,
    22.206486517245448,
    21.930975672401114,
    21.90460097271489,
    22.108480385950184,
    22.029275781645012,
    22.218793557653093,
    22.45081706488204,
    21.97956110924765,
    22.38030320118658,
    22.578385954971584,
    22.64213604494379,
    22.451174601349713,
    22.396178333597575,
    22.776100482520356,
    22.900201621820408,
    22.621929302071347,
    22.75541912147081,
    22.62606667131494,
    22.76920646573032
  ],
  "phase_angle_deg": [
    11.357401311513737,
    11.357837711818517,
    11.3582741864115,
    11.358710735282706,
    11.359147358422131,
    11.359584055819763,
    11.36002082746569,
    11.360457673349872,
    11.360894593462334,
    11.361331587793197,
    11.361768656332389,
    11.362205799117685,
    11.362643016043574,
    11.363080307148058,
    11.363517672420741,
    11.363955111851972,
    11.364392625431648,
    11.36483021314989,
    11.365267874996531,
    11.365705610961724,
    11.366143421035428,
    11.366581305207674,
    11.367019263468643,
    11.367457295808041,
    11.367895402216089,
    11.368333582682713,
    11.368771837197972,
    11.369210165751895,
    11.369648568334409,
    11.370087044935572,
    11.370525595545478,
    11.370964220201904,
    11.371402918799209,
    11.371841691375112,
    11.372280537919831,
    11.37271945842317,
    11.373158452875346,
    11.373597521266197,
    11.374036663585715,
    11.37447587982406,
    11.374915169971192,
    11.375354534017076,
    11.375793971951644,
    11.376233483765086,
    11.3766730694473,
    11.377112728988315,
    11.377552462377997,
    11.377992269606505,
    11.378432150663901,
    11.378872105540053,
    11.37931213422489,
    11.379752236756739,
    11.38019241302923,
    11.380632663080595,
    11.381072986900667,
    11.381513384479705,
    11.381953855807382,
    11.382394400873888,
    11.382835019669226,
    11.383275712183325
  ],