{
  "jd": [
    2452110.37489347,
    2452110.37915597,
    2452110.38341847,
    2452110.38768097,
    2452110.39194347,
    2452110.39620597,
    2452110.40046847,
    2452110.40473097,
    2452110.40899347,
    2452110.41325597,
    2452110.41751847,
    2452110.4217809704,
    2452110.4260434704,
    2452110.4303059704,
    2452110.4345684703,
    2452110.4388309703,
    2452110.4430934703,
    2452110.4473559703,
    2452110.4516184703,
    2452110.45588097,
    2452110.46014347,
    2452110.46440597,
    2452110.46866847,
    2452110.47293097,
    2452110.47719347,
    2452110.48145597,
    2452110.48571847,
    2452110.48998097,
    2452110.49424347,
    2452110.49850597,
    2452110.50276847,
    2452110.5070309704,
    2452110.5112934704,
    2452110.5155559704,
    2452110.5198184703,
    2452110.5240809703,
    2452110.5283434703,
    2452110.5326059703,
    2452110.5368684703,
    2452110.54113097,
    2452110.54539347,
    2452110.54965597,
    2452110.55391847,
    2452110.55818097,
    2452110.56244347,
    2452110.56670597,
    2452110.57096847,
    2452110.57523097,
    2452110.57949347,
    2452110.58375597,
    2452110.58801847,
    2452110.5922809704,
    2452110.5965434704,
    2452110.6008059704,
    2452110.6050684704,
    2452110.6093309703,
    2452110.6135934703,
    2452110.6178559703,
    2452110.6221184703,
    2452110.6263809702
  ],
  "mag": [
    -0.014994266977804926,
    -0.03363768518041077,
    -0.03113674434767688,
    -0.024265924338210176,
    -0.023050376023359576,
    -0.03618743171402716,
    -0.016619094415097013,
    -0.021791168234121194,
    -0.01490823203336289,
    -0.02576505911513305,
    -0.032734536635571576,
    0.005079773961715439,
    -0.0030050894778455017,
    0.006107633801238688,
    0.010811295220981343,
    0.01904279577616652,
    0.02806659527465838,
    0.02787206259724151,
    0.0286777011718935,
    0.043496409906315314,
    0.04868539408301453,
    0.029324649559280935,
    0.025767501074386523,
    0.014152353967842757,
    0.025124021953693454,
    0.016971375901574604,
    0.0030849163263888535,
    -0.015919675366331543,
    -0.007992678346069315,
    -0.03587575897425399,
    -0.018713147237210848,
    -0.027254842838601245,
    -0.022091120438228806,
    -0.038115554681768415,
    -0.036131985118699195,
    -0.03514516110248511,
    -0.014026485356202656,
    -0.017692718439583643,
    -0.02302135757237478,
    -0.025244737010755358,
    -0.03184547516694547,
    0.008786453261664828,
    0.0016634011759983913,
    0.013007717424444287,
    0.004575443671102075,
    0.016040557363317554,
    0.02119771905568113,
    0.02865228438522882,
    0.0277957123675856,
    0.040442809725716344,
    0.04086245666378607,
    0.04398306281800224,
    0.02632150076740425,
    0.013981847630047728,
    0.026343552170192464,
    0.021094719923063554,
    -0.003395182416688236,
    -0.00942336472184202,
    -0.011153370648358418,
    -0.0158754950506359
  ],
  "mag_err": [
    0.005,
    0.005,
    0.005,
    0.005,
    0.005,
    0.005,
    0.005,
    0.005,
    0.005,
    0.005,
    0.005,
    0.005,
    0.005,
    0.005,
    0.005,
    0.005,
    0.005,
    0.005,
    0.005,
    0.005,
    0.005,
    0.005,
    0.005,
    0.005,
    0.005,
    0.005,
    0.005,
    0.005,
    0.005,
    0.005,
    0.005,
    0.005,
    0.005,
    0.005,
    0.005,
    0.005,
    0.005,
    0.005,
    0.005,
    0.005,
    0.005,
    0.005,
    0.005,
    0.005,
    0.005,
    0.005,
    0.005,
    0.005,
    0.005,
    0.005,
    0.005,
    0.005,
    0.005,
    0.005,
    0.005,
    0.005,
    0.005,
    0.005,
    0.005,
    0.005
  ],
  "brightness": [
    20.16288307140829,
    20.51209403683945,
    20.464899796048044,
    20.335801522336848,
    20.313047084358775,
    20.56032131344597,
    20.19307984631642,
    20.28950221204903,
    20.161285405429414,
    20.36389965864743,
    20.495038544989107,
    19.79351913097615,
    19.94146040690623,
    19.774789594169377,
    19.68930591389278,
    19.54059602863319,
    19.378862741413386,
    19.382335186911497,
    19.367958430500476,
    19.105409946207843,
    19.014318624482698,
    19.356421247649656,
    19.419941814216067,
    19.62881054095825,
    19.431454768131193,
    19.577912105171425,
    19.82991982257689,
    20.18007588040197,
    20.033277002792524,
    20.55442008994706,
    20.23206369861517,
    20.391860989889427,
    20.29510828986154,
    20.596866146908614,
    20.55927136162314,
    20.540593559962872,
    20.14491869525357,
    20.213057533392973,
    20.31250418518906,
    20.354142916125475,
    20.47826293163563,
    19.726059714071763,
    19.85589942287355,
    19.649515111066368,
    19.802715462485196,
    19.59470375061785,
    19.50185114276152,
    19.368411834400444,
    19.38369822313499,
    19.159218965481216,
    19.151815183648953,
    19.096848363823995,
    19.410035266556687,
    19.63189333344217,
    19.409641050947588,
    19.503701287413115,
    19.948626439029333,
    20.059692469384153,
    20.091680948247348,
    20.17925473804716
  ],
  "phase_angle_deg": [
    27.281647141019572,
    27.281352367315037,
    27.281057581392876,
    27.28076278325201,
    27.28046797289131,
    27.28017315030982,
    27.279878315506455,
    27.279583468480165,
    27.27928860922994,
    27.278993737754714,
    27.27869885405342,
    27.278403958092785,
    27.278109049936226,
    27.27781412955051,
    27.277519196934545,
    27.277224252087297,
    27.276929295007726,
    27.276634325694758,
    27.276339344147402,
    27.276044350364582,
    27.275749344345265,
    27.27545432608839,
    27.275159295592903,
    27.274864252857782,
    27.274569197881995,
    27.27427413066453,
    27.27397905120425,
    27.273683959500183,
    27.273388855551275,
    27.27309373935644,
    27.27279861091464,
    27.272503470192714,
    27.272208317253966,
    27.27191315206516,
    27.271617974625233,
    27.271322784933204,
    27.27102758298799,
    27.27073236878852,
    27.270437142333805,
    27.270141903622765,
    27.269846652654387,
    27.269551389427637,
    27.269256113941452,
    27.26896082619483,
    27.268665526186716,
    27.268370213916025,
    27.26807488938175,
    27.267779552582887,
    27.267484203518304,
    27.267188842187075,
    27.266893468588137,
    27.26659808268809,
    27.266302684550546,
    27.266007274142183,
    27.265711851461887,
    27.26541641650866,
    27.265120969281476,
    27.264825509779353,
    27.26453003800116,
    27.26423455394591
  ],
  "r_helio": [
    2.179849121872019,
    2.179873394268144,
    2.1798976664023124,
    2.1799219382745205,
    2.179946209884768,
    2.179970481233045,
    2.1799947523193515,
    2.1800190231436836,
    2.180043293706037,
    2.1800675640064053,
    2.1800918340447892,
    2.1801161038238326,
    2.180140373338232,
    2.180164642590632,
    2.1801889115810296,
    2.1802131803094227,
    2.180237448775805,
    2.1802617169801732,
    2.1802859849225262,
    2.1803102526028564,
    2.1803345200211615,
    2.1803587871774375,
    2.1803830540716813,
    2.180407320703889,
    2.1804315870740547,
    2.180455853182178,
    2.1804801190282523,
    2.1805043846122745,
    2.1805286499342413,
    2.180552914994148,
    2.1805771797919924,
    2.1806014443304194,
    2.1806257086041234,
    2.1806499726157544,
    2.1806742363653076,
    2.1806984998527748,
    2.180722763078157,
    2.18074702604145,
    2.180771288742649,
    2.1807955511817476,
    2.180819813358747,
    2.18084407527364,
    2.180868336926424,
    2.180892598317093,
    2.1809168594456483,
    2.18094112031208,
    2.1809653809163874,
    2.180989641258567,
    2.1810139013386136,
    2.1810381611565237,
    2.1810624207122955,
    2.181086680008572,
    2.181110939040052,
    2.181135197809378,
    2.1811594563165504,
    2.1811837145615636,
    2.1812079725444145,
    2.181232230265097,
    2.1812564877236107,
    2.1812807449199494
  ],