{
  "jd": [
    2452103.831665342,
    2452103.835927842,
    2452103.840190342,
    2452103.844452842,
    2452103.848715342,
    2452103.852977842,
    2452103.857240342,
    2452103.861502842,
    2452103.865765342,
    2452103.870027842,
    2452103.874290342,
    2452103.8785528424,
    2452103.8828153424,
    2452103.8870778424,
    2452103.8913403424,
    2452103.8956028423,
    2452103.8998653423,
    2452103.9041278423,
    2452103.9083903423,
    2452103.9126528422,
    2452103.916915342,
    2452103.921177842,
    2452103.925440342,
    2452103.929702842,
    2452103.933965342,
    2452103.938227842,
    2452103.942490342,
    2452103.946752842,
    2452103.951015342,
    2452103.955277842,
    2452103.959540342,
    2452103.9638028424,
    2452103.9680653424,
    2452103.9723278424,
    2452103.9765903424,
    2452103.9808528423,
    2452103.9851153423,
    2452103.9893778423,
    2452103.9936403423,
    2452103.9979028422,
    2452104.002165342,
    2452104.006427842,
    2452104.010690342,
    2452104.014952842,
    2452104.019215342,
    2452104.023477842,
    2452104.027740342,
    2452104.032002842,
    2452104.036265342,
    2452104.040527842,
    2452104.044790342,
    2452104.0490528424,
    2452104.0533153424,
    2452104.0575778424,
    2452104.0618403424,
    2452104.0661028423,
    2452104.0703653423,
    2452104.0746278423,
    2452104.0788903423,
    2452104.0831528422
  ],
  "mag": [
    0.00944578544331387,
    0.004982032635902023,
    -0.011719686463717238,
    -0.008313230797014182,
    -0.008267304559947508,
    -0.023354360255082973,
    -0.026315665144041045,
    -0.020169553210400704,
    -0.023715958434299633,
    -0.03219599812957341,
    -0.029207527272533618,
    -0.03595101523051314,
    -0.03645058065514517,
    -0.028346751373177437,
    -0.019061450893333998,
    -0.028489523948198148,
    0.0021317300657148763,
    -0.005569448789516596,
    0.00290008444039902,
    0.011020787318841485,
    0.024348281339835687,
    0.03725210718073635,
    0.025964322041304833,
    0.02811533186332582,
    0.03299780826441756,
    0.05817073339001411,
    0.021049827265074317,
    0.024090315831151177,
    0.016631169653863243,
    0.012915236126698204,
    0.012187607644195353,
    0.008235865208817472,
    0.0008221666037648845,
    0.007232309411846494,
    -0.0033350600713211165,
    -0.020870354544735292,
    -0.024256666345396916,
    -0.016632575101872327,
    -0.028817533247904148,
    -0.04530297968991004,
    -0.032478317334838636,
    -0.03755379481590637,
    -0.031048459361988634,
    -0.02385291714220994,
    -0.01653436746365511,
    -0.022011951043176214,
    0.004665566427306089,
    0.0018776517545724403,
    0.0024532674147592637,
    0.005787261860406012,
    0.025355568852008847,
    0.04292324288014848,
    0.018559038388571203,
    0.03341536856470251,
    0.028281644417437413,
    0.05768654893534775,
    0.014367095748401226,
    0.02750320337266121,
    0.02555753575195574,
    0.010896535221892378
  ],
  "mag_err": [
    0.005,
    0.005,
    0.005,
    0.005,
    0.005,
    0.005,
    0.005,
    0.005,
    0.005,
    0.005,
    0.005,
    0.005,
    0.005,
    0.005,
    0.005,
    0.005,
    0.005,
    0.005,
    0.005,
    0.005,
    0.005,
    0.005,
    0.005,
    0.005,
    0.005,
    0.005,
    0.005,
    0.005,
    0.005,
    0.005,
    0.005,
    0.005,
    0.005,
    0.005,
    0.005,
    0.005,
    0.005,
    0.005,
    0.005,
    0.005,
    0.005,
    0.005,
    0.005,
    0.005,
    0.005,
    0.005,
    0.005,
    0.005,
    0.005,
    0.005,
    0.005,
    0.005,
    0.005,
    0.005,
    0.005,
    0.005,
    0.005,
    0.005,
    0.005,
    0.005
  ],
  "brightness": [
    19.68705346986417,
    19.768158836830505,
    20.074600423944617,
    20.011715836247856,
    20.01086936602438,
    20.290875171382126,
    20.34629331558043,
    20.23144283838898,
    20.29763405573804,
    20.45678751969564,
    20.400557973016696,
    20.527659775032692,
    20.537107068598946,
    20.384390740627968,
    20.210805162022343,
    20.387071431668666,
    19.8201228939684,
    19.961207743372775,
    19.806101540764683,
    19.65851553687421,
    19.418680778371932,
    19.189258448322754,
    19.389798960225725,
    19.351422823852577,
    19.264596261685014,
    18.823082323910988,
    19.47776420868548,
    19.423295108250993,
    19.55719505064064,
    19.624244247846296,
    19.63740024725486,
    19.70900451219388,
    19.84404340818409,
    19.72723014513768,
    19.92017085496194,
    20.24450567889308,
    20.307745005866497,
    20.16564256400908,
    20.393231453979315,
    20.705237997424323,
    20.462107499726933,
    20.557985383161554,
    20.43517770747469,
    20.300194634509225,
    20.16381861215382,
    20.265802943371614,
    19.77392162347234,
    19.82476163826801,
    19.814254096207282,
    19.75350334510438,
    19.400673527693957,
    19.089288336481683,
    19.52249946754299,
    19.257188768107934,
    19.348458809151115,
    18.831478356274374,
    19.598020008012618,
    19.362336061369565,
    19.397064981292598,
    19.660765394196584
  ],
  "phase_angle_deg": [
    27.72041491017299,
    27.720137551011618,
    27.719860181436342,
    27.719582801445966,
    27.719305411039144,
    27.719028010214597,
    27.71875059897107,
    27.718473177307303,
    27.718195745221983,
    27.717918302713848,
    27.717640849781606,
    27.71736338639372,
    27.717085912609516,
    27.71680842839735,
    27.71653093375604,
    27.71625342868424,
    27.715975913180678,
    27.715698387244114,
    27.71542085087325,
    27.715143304066842,
    27.71486574682357,
    27.714588179142137,
    27.714310601021403,
    27.714033012459936,
    27.71375541345653,
    27.71347780400992,
    27.713200184118836,
    27.712922553781937,
    27.712644912998012,
    27.71236726176577,
    27.71208960008397,
    27.711811927920948,
    27.71153424533612,
    27.71125655229787,
    27.710978848804942,
    27.71070113485603,
    27.710423410449927,
    27.71014567558533,
    27.709867930260927,
    27.709590174475462,
    27.7093124082277,
    27.709034631516275,
    27.70875684434006,
    27.708479046697672,
    27.70820123858783,
    27.707923420009365,
    27.70764559096089,
    27.707367751441197,
    27.70708990144897,
    27.70681204098299,
    27.706534170042005,
    27.706256288594226,
    27.70597839669933,
    27.70570049432549,
    27.70542258147153,
    27.705144658136184,
    27.704866724318116,
    27.704588780016113,
    27.704310825228898,
    27.7040328599552
  ],
  "r_helio": [
    2.142282938988506,
    2.1423076086589217,
    2.1423322780738996,
    2.1423569472334334,
    2.142381616137522,
    2.14240628478616,
    2.1424309531793417,
    2.142455621317061,
    2.142480289199317,
    2.142504956826102,
    2.1425296241974117,
    2.1425542913159363,
    2.1425789581762826,
    2.142603624781141,
    2.142628291130505,
    2.1426529572243704,
    2.1426776230627342,
    2.142702288645591,
    2.142726953972934,
    2.1427516190447617,
    2.1427762838610676,
    2.142800948421848,
    2.1428256127270977,
    2.142850276776811,
    2.142874940570985,
    2.142899604109614,
    2.142924267392694,
    2.1429489304202205,
    2.1429735931921883,
    2.142998255708592,
    2.1430229179694287,
    2.143047579977387,
    2.143072241727074,
    2.1430969032211786,
    2.1431215644596957,
    2.143146225442625,
    2.143170886169955,
    2.1431955466416865,
    2.143220206857812,
    2.1432448668183297,
    2.143269526523231,
    2.1432941859725143,
    2.1433188451661733,
    2.143343504104205,
    2.1433681627866017,
    2.1433928212133626,
    2.143417479384482,
    2.143442137299953,
    2.143466794959773,
    2.143491452363938,
    2.1435161095124404,
    2.1435407664079715,
    2.1435654230451386,
    2.1435900794266325,
    2.1436147355524473,
    2.143639391422576,
    2.1436640470370176,
    2.143688702395766,
    2.143713357498816,
    2.143738012346163
  ],