{
  "jd": [
    2451575.399154006,
    2451575.403416506,
    2451575.407679006,
    2451575.411941506,
    2451575.416204006,
    2451575.420466506,
    2451575.424729006,
    2451575.428991506,
    2451575.433254006,
    2451575.437516506,
    2451575.441779006,
    2451575.4460415062,
    2451575.450304006,
    2451575.454566506,
    2451575.458829006,
    2451575.463091506,
    2451575.467354006,
    2451575.471616506,
    2451575.475879006,
    2451575.480141506,
    2451575.484404006,
    2451575.488666506,
    2451575.492929006,
    2451575.497191506,
    2451575.501454006,
    2451575.505716506,
    2451575.509979006,
    2451575.514241506,
    2451575.518504006,
    2451575.522766506,
    2451575.527029006,
    2451575.5312915063,
    2451575.535554006,
    2451575.539816506,
    2451575.544079006,
    2451575.548341506,
    2451575.552604006,
    2451575.556866506,
    2451575.561129006,
    2451575.565391506,
    2451575.569654006,
    2451575.573916506,
    2451575.578179006,
    2451575.582441506,
    2451575.586704006,
    2451575.590966506,
    2451575.595229006,
    2451575.599491506,
    2451575.603754006,
    2451575.608016506,
    2451575.612279006,
    2451575.6165415063,
    2451575.6208040062,
    2451575.625066506,
    2451575.629329006,
    2451575.633591506,
    2451575.637854006,
    2451575.642116506,
    2451575.646379006,
    2451575.650641506
  ],
  "mag": [
    -0.04094122946870904,
    -0.022624300565786903,
    -0.015238187855252772,
    -0.025687203952487803,
    -0.019235641185693986,
    -0.004686026940722066,
    0.009024431878729366,
    -0.010480664757083868,
    -0.004248607119402337,
    -0.006311576471228264,
    -0.005986492441365954,
    0.0077098302239759775,
    -0.00019951517872174307,
    0.014302032232500927,
    0.010088003649516786,
    0.00809816920416484,
    0.002718326125051629,
    0.019586859070000795,
    0.020520348805980415,
    0.030573988275497843,
    0.015898840463488995,
    0.022366134141339256,
    0.012497542299233277,
    0.013527119611366434,
    -0.0073746201500832775,
    -0.006524953877605544,
    -0.010037150307493192,
    -0.0018344358478903366,
    0.005627785768416604,
    0.0023682119174153193,
    -0.03122513849449593,
    -0.017877101680670915,
    -0.022748303955618443,
    -0.018563488874189904,
    -0.030762040300501337,
    -0.005380127144589242,
    0.010490302789256667,
    -0.007330505079667482,
    -0.007710813256324389,
    -0.014286471987931648,
    -0.0026769491954272695,
    -0.0047634579948891975,
    -0.0007470849687276626,
    0.006977541566709711,
    0.012650593407069977,
    0.02003703444671867,
    0.015850876029382288,
    0.02556717863895308,
    0.012652476608266294,
    0.02130282748881429,
    0.024224396281824934,
    0.02502054615193039,
    0.009311831184147135,
    0.0015888066609131002,
    -0.00898803330673914,
    -7.008773723438111e-05,
    -0.010711236435560156,
    -0.009716569521801777,
    -0.001152229400797733,
    -0.004461789465950439
  ],
  "mag_err": [
    0.005,
    0.005,
    0.005,
    0.005,
    0.005,
    0.005,
    0.005,
    0.005,
    0.005,
    0.005,
    0.005,
    0.005,
    0.005,
    0.005,
    0.005,
    0.005,
    0.005,
    0.005,
    0.005,
    0.005,
    0.005,
    0.005,
    0.005,
    0.005,
    0.005,
    0.005,
    0.005,
    0.005,
    0.005,
    0.005,
    0.005,
    0.005,
    0.005,
    0.005,
    0.005,
    0.005,
    0.005,
    0.005,
    0.005,
    0.005,
    0.005,
    0.005,
    0.005,
    0.005,
    0.005,
    0.005,
    0.005,
    0.005,
    0.005,
    0.005,
    0.005,
    0.005,
    0.005,
    0.005,
    0.005,
    0.005,
    0.005,
    0.005,
    0.005,
    0.005
  ],
  "brightness": [
    22.122504302342172,
    21.75241682301272,
    21.604940350148023,
    21.81386786048525,
    21.684631829645898,
    21.395981180401083,
    21.12749578313918,
    21.51047805357936,
    21.38736293482578,
    21.428038945676764,
    21.421624062870087,
    21.153092297292673,
    21.307750484522156,
    21.025047399356424,
    21.106809721780536,
    21.145527751353267,
    21.250564248461735,
    20.92295653313387,
    20.904975212079535,
    20.712293956487702,
    20.994148279877916,
    20.86946629535612,
    21.06002001179704,
    21.040058771434882,
    21.449029400186767,
    21.4322505660239,
    21.501692991877423,
    21.339860239535724,
    21.193695100490853,
    21.257417961322837,
    21.925416488700673,
    21.657515661069127,
    21.754901337623583,
    21.671211567293945,
    21.91606665249371,
    21.409663788458847,
    21.098990438962108,
    21.44815791205256,
    21.45567201957452,
    21.58601056292322,
    21.356426044895347,
    21.397507124223814,
    21.31849934141249,
    21.167364083048295,
    21.05705148941877,
    20.914283111926363,
    20.995075756257684,
    20.80802806718375,
    21.057014966154668,
    20.889914643589414,
    20.833778279578432,
    20.818506862923748,
    21.121903979153153,
    21.272683263744202,
    21.480926532596683,
    21.305210601216785,
    21.515046597648997,
    21.495345214152984,
    21.326455862471906,
    21.391562717279417
  ],
  "phase_angle_deg": [
    20.68062556175298,
    20.6810050421982,
    20.68138441128054,
    20.68176366900645,
    20.682142815382615,
    20.68252185041563,
    20.68290077411199,
    20.68327958647836,
    20.68365828752121,
    20.684036877247333,
    20.684415355663088,
    20.684793722816583,
    20.685171978631608,
    20.685550123156137,
    20.685928156396788,
    20.686306078360104,
    20.686683889052713,
    20.68706158848114,
    20.687439176652024,
    20.687816653571943,
    20.688194019247497,
    20.68857127368527,
    20.68894841689188,
    20.689325448873873,
    20.68970236963786,
    20.69007917919042,
    20.690455877538152,
    20.69083246468768,
    20.691208940645556,
    20.691585305418428,
    20.691961559012803,
    20.692337701476436,
    20.692713732733715,
    20.69308965283231,
    20.693465461778853,
    20.693841159579893,
    20.694216746242006,
    20.69459222177191,
    20.694967586176126,
    20.695342839461194,
    20.695717981633855,
    20.696093012700576,
    20.69646793266797,
    20.69684274154264,
    20.697217439331265,
    20.697592026040397,
    20.697966501676568,
    20.698340866246472,
    20.69871511975663,
    20.69908926221372,
    20.6994632936243,
    20.69983721403577,
    20.7002110233731,
    20.700584721683747,
    20.700958308974254,
    20.701331785251302,
    20.701705150521438,
    20.702078404791237,
    20.702451548067355,
    20.702824580356403
  ],