{
  "jd": [
    2451817.956970942,
    2451817.961233442,
    2451817.965495942,
    2451817.969758442,
    2451817.974020942,
    2451817.978283442,
    2451817.982545942,
    2451817.986808442,
    2451817.991070942,
    2451817.995333442,
    2451817.999595942,
    2451818.0038584424,
    2451818.0081209424,
    2451818.0123834424,
    2451818.0166459423,
    2451818.0209084423,
    2451818.0251709423,
    2451818.0294334423,
    2451818.0336959423,
    2451818.0379584422,
    2451818.042220942,
    2451818.046483442,
    2451818.050745942,
    2451818.055008442,
    2451818.059270942,
    2451818.063533442,
    2451818.067795942,
    2451818.072058442,
    2451818.076320942,
    2451818.080583442,
    2451818.084845942,
    2451818.0891084424,
    2451818.0933709424,
    2451818.0976334424,
    2451818.1018959424,
    2451818.1061584423,
    2451818.1104209423,
    2451818.1146834423,
    2451818.1189459423,
    2451818.1232084422,
    2451818.127470942,
    2451818.131733442,
    2451818.135995942,
    2451818.140258442,
    2451818.144520942,
    2451818.148783442,
    2451818.153045942,
    2451818.157308442,
    2451818.161570942,
    2451818.165833442,
    2451818.170095942,
    2451818.1743584424,
    2451818.1786209424,
    2451818.1828834424,
    2451818.1871459424,
    2451818.1914084423,
    2451818.1956709423,
    2451818.1999334423,
    2451818.2041959423,
    2451818.2084584422
  ],
  "mag": [
    -0.037178882312779216,
    -0.028970753682376227,
    -0.027251306733626635,
    -0.010135608597562573,
    -0.003139294832193773,
    -0.01452935875875161,
    -0.006256563610712362,
    0.00810699138552362,
    0.03295505259077114,
    0.019347883974208724,
    0.040667703771507746,
    0.04794928910849361,
    0.036953179094087574,
    0.054656552932087266,
    0.03880876827746427,
    0.04378827672601027,
    0.03956443446000346,
    0.011425791396452833,
    0.014983260234306961,
    -0.0012359695304389184,
    0.00038011807821680677,
    -0.009802282253118744,
    -0.010712345289340064,
    -0.02123771473348235,
    -0.028019301828851262,
    -0.03618992900928175,
    -0.0524540756282148,
    -0.031386567623017836,
    -0.048778573599295605,
    -0.03097839592204288,
    -0.03384001400183845,
    -0.026735293891303247,
    -0.026341970714726326,
    -0.024544199199317163,
    -0.007303512906027709,
    0.0008015368636145048,
    -0.0037124637244372316,
    0.005021287317533485,
    0.032167156376171846,
    0.03266405932218941,
    0.03308730079319,
    0.04074459454163115,
    0.025617742467499927,
    0.044366516470048634,
    0.04286876828042496,
    0.043815704978219294,
    0.04921247936993245,
    0.02189593779921628,
    0.01295810320127666,
    -0.004985750328723171,
    -0.0073019782607230965,
    -0.0029300258089501874,
    -0.004375180941681656,
    -0.027424209166065694,
    -0.021475862158723213,
    -0.03571824618787556,
    -0.04126635822297686,
    -0.038444337264404105,
    -0.040168157017984374,
    -0.029984006069284863
  ],
  "mag_err": [
    0.005,
    0.005,
    0.005,
    0.005,
    0.005,
    0.005,
    0.005,
    0.005,
    0.005,
    0.005,
    0.005,
    0.005,
    0.005,
    0.005,
    0.005,
    0.005,
    0.005,
    0.005,
    0.005,
    0.005,
    0.005,
    0.005,
    0.005,
    0.005,
    0.005,
    0.005,
    0.005,
    0.005,
    0.005,
    0.005,
    0.005,
    0.005,
    0.005,
    0.005,
    0.005,
    0.005,
    0.005,
    0.005,
    0.005,
    0.005,
    0.005,
    0.005,
    0.005,
    0.005,
    0.005,
    0.005,
    0.005,
    0.005,
    0.005,
    0.005,
    0.005,
    0.005,
    0.005,
    0.005,
    0.005,
    0.005,
    0.005,
    0.005,
    0.005,
    0.005
  ],
  "brightness": [
    21.49091652807058,
    21.329058524406527,
    21.29530708471515,
    20.96223704964306,
    20.827593958179964,
    21.04723876941888,
    20.887478210988867,
    20.61297079133597,
    20.14658142326073,
    20.400660607190847,
    20.00397499050287,
    19.870265441669762,
    20.07252986618153,
    19.74789290128451,
    20.038253990412496,
    19.946563032559087,
    20.02431233257643,
    20.55005875251336,
    20.482835649917472,
    20.791114599570058,
    20.760190634420926,
    20.955802527736367,
    20.973375024733496,
    21.17768431996867,
    21.310375640895867,
    21.47135023171145,
    21.795408574474482,
    21.376569516740226,
    21.721750142662472,
    21.36853471895865,
    21.42492893232989,
    21.285188566939443,
    21.277479105195447,
    21.242276821138457,
    20.907629217599705,
    20.752134315923243,
    20.838591915576057,
    20.6716369737016,
    20.161206684966317,
    20.151981726984893,
    20.14412761642682,
    20.00255837883147,
    20.283191333968887,
    19.93594275053778,
    19.963462903613216,
    19.946059141790116,
    19.847160998615507,
    20.352839569312863,
    20.52107667798369,
    20.863044507612756,
    20.907599665511277,
    20.82357995348147,
    20.85131536458743,
    21.298698611655304,
    21.182329982632712,
    21.462024331534575,
    21.571975963603595,
    21.515979376199173,
    21.55016735783343,
    21.348972944652687
  ],
  "phase_angle_deg": [
    25.133799264509967,
    25.134203471760326,
    25.1346076226798,
    25.135011717263794,
    25.135415755507896,
    25.135819737407513,
    25.136223662958187,
    25.136627532155412,
    25.137031344994657,
    25.137435101471375,
    25.137838801581214,
    25.138242445363595,
    25.13864603272587,
    25.139049563707708,
    25.139453038304477,
    25.139856456511794,
    25.14025981832505,
    25.140663123739802,
    25.14106637275154,
    25.141469565355724,
    25.141872701547936,
    25.1422757813236,
    25.142678804678184,
    25.14308177160728,
    25.143484682106315,
    25.1438875361708,
    25.14429033379624,
    25.144693074978207,
    25.145095759712028,
    25.14549838799335,
    25.14590095981762,
    25.14630347522429,
    25.146705934120966,
    25.147108336547042,
    25.14751068249813,
    25.147912971969618,
    25.148315204957097,
    25.14871738145605,
    25.149119501461865,
    25.149521564970183,
    25.149923571976494,
    25.15032552247623,
    25.1507274164649,
    25.151129253938073,
    25.151531034891224,
    25.151932759319838,
    25.152334427219397,
    25.152736038585456,
    25.153137593413476,
    25.153539091698978,
    25.15394053343749,
    25.154341918668337,
    25.154743247299322,
    25.155144519369827,
    25.155545734875364,
    25.155946893811386,
    25.15634799617341,
    25.156749041956978,
    25.1571500311576,
    25.15755096377074
  ],