{
  "jd": [
    2451726.046800736,
    2451726.0504604583,
    2451726.05412018,
    2451726.0577799026,
    2451726.061439625,
    2451726.065099347,
    2451726.0687590693,
    2451726.0724187912,
    2451726.0760785136,
    2451726.079738236,
    2451726.083397958,
    2451726.0870576804,
    2451726.0907174028,
    2451726.0943771247,
    2451726.098036847,
    2451726.101696569,
    2451726.1053562914,
    2451726.109016014,
    2451726.1126757357,
    2451726.116335458,
    2451726.1199951805,
    2451726.1236549024,
    2451726.127314625,
    2451726.130974347,
    2451726.134634069,
    2451726.1382937916,
    2451726.1419535135,
    2451726.145613236,
    2451726.1492729583,
    2451726.15293268,
    2451726.1565924026,
    2451726.1602521245,
    2451726.163911847,
    2451726.1675715693,
    2451726.1712312913,
    2451726.1748910137,
    2451726.178550736,
    2451726.182210458,
    2451726.1858701804,
    2451726.189529903,
    2451726.1931896247,
    2451726.196849347,
    2451726.200509069,
    2451726.2041687914,
    2451726.207828514,
    2451726.2114882357,
    2451726.215147958,
    2451726.2188076805,
    2451726.2224674025,
    2451726.226127125,
    2451726.229786847,
    2451726.233446569,
    2451726.2371062916,
    2451726.2407660135,
    2451726.244425736,
    2451726.2480854583,
    2451726.25174518,
    2451726.2554049026,
    2451726.2590646246,
    2451726.262724347
  ],
  "mag": [
    0.1284233294702748,
    0.1208515199344129,
    0.08842958428033931,
    0.06732240589802796,
    0.0805734020028348,
    0.0495720389125589,
    0.027233969596350605,
    -0.001135826423157127,
    -0.00797217248391835,
    -0.03929840748736435,
    -0.07373490862413679,
    -0.08698663150719188,
    -0.0979765718951171,
    -0.13163324140753208,
    -0.13992308488580907,
    -0.1615884472029352,
    -0.14892295652191656,
    -0.15315215964861384,
    -0.1190929113515411,
    -0.09373003848069317,
    -0.058254307135643835,
    -0.02849555621170552,
    0.023293710718917282,
    0.04928323322219974,
    0.08182136378795235,
    0.11327080517860288,
    0.12815928783633534,
    0.13328871706724588,
    0.11035961886609247,
    0.11804139577303285,
    0.11711387244562932,
    0.11776894096102097,
    0.10498506133601371,
    0.07632450876462382,
    0.07124918898208588,
    0.04378569468864146,
    0.0380715477084097,
    0.0023833218909699028,
    -0.01653163371492372,
    -0.03551104196820187,
    -0.06457992791857237,
    -0.08679782612535725,
    -0.10074961243081493,
    -0.1315139468205464,
    -0.1430559052839948,
    -0.16216593848378213,
    -0.15154292137421788,
    -0.15674888384206298,
    -0.10656361269801451,
    -0.08903946086163383,
    -0.05482480009958035,
    -0.030199602683704363,
    0.026360578298393555,
    0.06173160247277387,
    0.07885186842863678,
    0.09748218290229982,
    0.13849983451917236,
    0.12628801011237734,
    0.12396581969630205,
    0.12693591982017516
  ],
  "mag_err": [
    0.005,
    0.005,
    0.005,
    0.005,
    0.005,
    0.005,
    0.005,
    0.005,
    0.005,
    0.005,
    0.005,
    0.005,
    0.005,
    0.005,
    0.005,
    0.005,
    0.005,
    0.005,
    0.005,
    0.005,
    0.005,
    0.005,
    0.005,
    0.005,
    0.005,
    0.005,
    0.005,
    0.005,
    0.005,
    0.005,
    0.005,
    0.005,
    0.005,
    0.005,
    0.005,
    0.005,
    0.005,
    0.005,
    0.005,
    0.005,
    0.005,
    0.005,
    0.005,
    0.005,
    0.005,
    0.005,
    0.005,
    0.005,
    0.005,
    0.005,
    0.005,
    0.005,
    0.005,
    0.005,
    0.005,
    0.005,
    0.005,
    0.005,
    0.005,
    0.005
  ],
  "brightness": [
    199.1735109394878,
    200.5673806540524,
    206.64698680335684,
    210.7035963849117,
    208.14766817746818,
    214.17663710156103,
    218.6287757747216,
    224.41673589510833,
    225.83423550126207,
    232.44503479925766,
    239.93570156016972,
    242.88213028583314,
    245.3530943090956,
    253.0778913951977,
    255.01759441363583,
    260.15746351521267,
    257.14026869341205,
    258.1438450778516,
    250.17163984118739,
    244.39534304155274,
    236.5389331056549,
    230.14372242809608,
    219.4236456705694,
    214.23361563719763,
    207.9085575119672,
    201.97266161831575,
    199.22195410117104,
    198.28297389781582,
    202.51493793403424,
    201.08716552892602,
    201.25902378139364,
    201.13763270536074,
    203.51990265024065,
    208.96382403987826,
    209.94292090007204,
    215.32112136059837,
    216.45732728833224,
    223.690521501632,
    227.6216484749392,
    231.6356110891655,
    237.9210577304648,
    242.83989768258965,
    245.98054292229048,
    253.05008614760752,
    255.75449353274237,
    260.2958752476484,
    257.76151717017393,
    259.0004175914611,
    247.3012752313213,
    243.34178818014334,
    235.79295807496413,
    230.505213105506,
    218.80471657110172,
    211.7913749369929,
    208.47796704080596,
    204.93117851975026,
    197.33357186111397,
    199.56561128958936,
    199.9929022803013,
    199.4465566571945
  ],
  "phase_angle_deg": [
    28.336913494586792,
    28.33760272780367,
    28.338291954407616,
    28.33898117457381,
    28.339670388214277,
    28.34035959524095,
    28.341048795828904,
    28.341737989802496,
    28.342427177336784,
    28.343116358343767,
    28.343805532735455,
    28.344494700686916,
    28.345183862110197,
    28.345873016917242,
    28.34656216528319,
    28.347251307032284,
    28.347940442339688,
    28.348629571117286,
    28.34931869327718,
    28.350007808994402,
    28.350696918181015,
    28.35138602074897,
    28.35207511687331,
    28.35276420637849,
    28.35345328943939,
    28.354142365968162,
    28.354831435876775,
    28.355520499340262,
    28.35620955627067,
    28.356898606579968,
    28.357587650443268,
    28.358276687684892,
    28.35896571847988,
    28.359654742740265,
    28.360343760377972,
    28.361032771568215,
    28.36172177622288,
    28.362410774254013,
    28.36309976583673,
    28.363788750882936,
    28.364477729304745,
    28.36516670127717,
    28.365855666624558,
    28.36654462552192,
    28.367233577881315,
    28.367922523614787,
    28.368611462897316,
    28.369300395640916,
    28.36998932175769,
    28.37067824142258,
    28.371367154460025,
    28.37205606104502,
    28.372744961089566,
    28.373433854505713,
    28.374122741468508,
    28.374811621889947,
    28.375500495682104,
    28.37618936301993,
    28.376878223727857,
    28.377567077980846
  ],
  "r_helio": [
    1.4086562741523698,
    1.4086443795793362,
    1.4086324849749918,
    1.4086205903363267,
    1.4086086956648691,
    1.4085968009621492,
    1.4085849062251559,
    1.408573011456932,
    1.408561116654467,
    1.4085492218192899,
    1.408537326952931,
    1.4085254320523786,
    1.4085135371191622,
    1.4085016421548122,
    1.4084897471563171,
    1.4084778521267203,
    1.40846595706301,
    1.408454061966716,
    1.4084421668393683,
    1.4084302716779558,
    1.4084183764840084,
    1.408406481259055,
    1.4083945860000848,
    1.408382690710141,
    1.4083707953862123,
    1.4083589000298296,
    1.4083470046425206,
    1.408335109221275,
    1.4083232137676227,
    1.4083113182830933,
    1.408299422764676,
    1.4082875272154134,
    1.4082756316322937,
    1.4082637360168484,
    1.408251840370606,
    1.4082399446905551,
    1.4082280489782262,
    1.4082161532351485,
    1.4082042574583107,
    1.4081923616492433,
    1.408180465809475,
    1.408168569935995,
    1.4081566740318465,
    1.4081447780940184,
    1.4081328821240409,
    1.4081209861234434,
    1.4081090900892144,
    1.4080971940228832,
    1.4080852979259806,
    1.4080734017954946,
    1.4080615056344692,
    1.4080496094398924,
    1.4080377132132946,
    1.4080258169562057,
    1.4080139206656133,
    1.4080020243430482,
    1.40799012799004,
    1.4079782316035772,
    1.407966335186703,
    1.4079544387364067
  ],