{
  "jd": [
    2452103.831665342,
    2452103.8353250646,
    2452103.8389847865,
    2452103.842644509,
    2452103.8463042313,
    2452103.8499639533,
    2452103.8536236756,
    2452103.8572833976,
    2452103.86094312,
    2452103.8646028424,
    2452103.8682625643,
    2452103.8719222867,
    2452103.875582009,
    2452103.879241731,
    2452103.8829014534,
    2452103.8865611753,
    2452103.8902208977,
    2452103.89388062,
    2452103.897540342,
    2452103.9012000645,
    2452103.904859787,
    2452103.908519509,
    2452103.912179231,
    2452103.915838953,
    2452103.9194986755,
    2452103.923158398,
    2452103.92681812,
    2452103.930477842,
    2452103.9341375646,
    2452103.9377972865,
    2452103.941457009,
    2452103.945116731,
    2452103.9487764533,
    2452103.9524361757,
    2452103.9560958976,
    2452103.95975562,
    2452103.9634153424,
    2452103.9670750643,
    2452103.9707347867,
    2452103.974394509,
    2452103.978054231,
    2452103.9817139534,
    2452103.9853736754,
    2452103.9890333978,
    2452103.99269312,
    2452103.996352842,
    2452104.0000125645,
    2452104.003672287,
    2452104.007332009,
    2452104.010991731,
    2452104.014651453,
    2452104.0183111755,
    2452104.021970898,
    2452104.02563062,
    2452104.0292903422,
    2452104.0329500646,
    2452104.0366097866,
    2452104.040269509,
    2452104.043929231,
    2452104.0475889533
  ],
  "mag": [
    -0.1647441563782568,
    -0.165905449540924,
    -0.16363813884613787,
    -0.16003162924808834,
    -0.14526624394931442,
    -0.14401109262154943,
    -0.13297317026655087,
    -0.11323510408576176,
    -0.0840696861797312,
    -0.07233667397091903,
    -0.0371186034885298,
    -0.014918632295841228,
    0.02549584741288058,
    0.07676357603563932,
    0.14263069423871322,
    0.19541699660195988,
    0.2681281424282451,
    0.3406974212960163,
    0.37638050612740237,
    0.3463253570131606,
    0.23718128246791803,
    0.11736698430269499,
    0.03772122932043587,
    -0.03998082224235322,
    -0.07596875458710972,
    -0.10045465930077224,
    -0.12446891955141126,
    -0.14230881485835045,
    -0.15248941744727063,
    -0.1647218796407941,
    -0.15898273788202477,
    -0.16270946085178917,
    -0.15217256629780618,
    -0.14596347352797867,
    -0.14051174413089385,
    -0.1414018973625124,
    -0.13066495890621255,
    -0.10961599261566057,
    -0.08854682816110682,
    -0.08470246204776721,
    -0.039947738571507685,
    -0.016057816690932647,
    0.03179398660491817,
    0.08235476624590721,
    0.14632010912524507,
    0.19912411864151025,
    0.26738872152339255,
    0.3523421453327291,
    0.37817542929391657,
    0.3406849484006793,
    0.23993725908617236,
    0.12854474911826141,
    0.027786598873420942,
    -0.030129374572393175,
    -0.0792746515877445,
    -0.10027718392287088,
    -0.12978013611096095,
    -0.1388882759161021,
    -0.1443112682904033,
    -0.16598045354491475
  ],
  "mag_err": [
    0.005,
    0.005,
    0.005,
    0.005,
    0.005,
    0.005,
    0.005,
    0.005,
    0.005,
    0.005,
    0.005,
    0.005,
    0.005,
    0.005,
    0.005,
    0.005,
    0.005,
    0.005,
    0.005,
    0.005,
    0.005,
    0.005,
    0.005,
    0.005,
    0.005,
    0.005,
    0.005,
    0.005,
    0.005,
    0.005,
    0.005,
    0.005,
    0.005,
    0.005,
    0.005,
    0.005,
    0.005,
    0.005,
    0.005,
    0.005,
    0.005,
    0.005,
    0.005,
    0.005,
    0.005,
    0.005,
    0.005,
    0.005,
    0.005,
    0.005,
    0.005,
    0.005,
    0.005,
    0.005,
    0.005,
    0.005,
    0.005,
    0.005,
    0.005,
    0.005
  ],
  "brightness": [
    231.37923261827765,
    231.62684605320678,
    231.14365128087758,
    230.3771310187238,
    227.26534231855294,
    227.00276695516456,
    224.70667936446046,
    220.65854769455635,
    214.8100460940675,
    212.50119831188664,
    205.7188818979513,
    201.55527406174988,
    194.19067657825886,
    185.2342466535141,
    174.33092564251848,
    166.05804290263953,
    155.30143077567948,
    145.2605704402398,
    140.5641307871788,
    144.50955744378427,
    159.79169399198727,
    178.43494860504035,
    192.01635534135679,
    206.26191365427485,
    213.21326252808794,
    218.07635396433344,
    222.95349343203952,
    226.6471382194365,
    228.78233111587957,
    231.37448531269888,
    230.15467928507974,
    230.94602846561543,
    228.71557515075,
    227.41133266788722,
    226.27231047869856,
    226.4578984853529,
    224.22947360604158,
    219.92424558815426,
    215.69766566961442,
    214.93527562039893,
    206.25562870470407,
    201.7668624014818,
    193.06747607212108,
    184.28280212637304,
    173.7395411421213,
    165.49202356977617,
    155.40723201482928,
    143.71094847786597,
    140.33194420477184,
    145.26223919761458,
    159.38660137238466,
    176.6073663493661,
    193.7813933415784,
    204.39885736008986,
    213.8634529406973,
    218.04070992841937,
    224.04681180835325,
    225.93422522500907,
    227.06553554247986,
    231.6428476757884
  ],
  "phase_angle_deg": [
    16.463194775928176,
    16.465260652011334,
    16.46732647340379,
    16.46939224057184,
    16.471457953191916,
    16.47352361094165,
    16.475589214286845,
    16.477654762641624,
    16.47972025647216,
    16.481785695455667,
    16.483851079269584,
    16.485916408379563,
    16.487981682463396,
    16.490046901198486,
    16.49211206505046,
    16.49417717343478,
    16.496242226816744,
    16.498307224874438,
    16.50037216728537,
    16.502437054515706,
    16.504501886243055,
    16.5065666621455,
    16.508631382688918,
    16.51069604728858,
    16.51276065641049,
    16.51482520973276,
    16.516889706933508,
    16.518954148478677,
    16.521018534046434,
    16.523082863315157,
    16.525147136750686,
    16.527211353769,
    16.529275514836137,
    16.531339619630174,
    16.533403667829955,
    16.535467659901403,
    16.537531595523095,
    16.539595474373627,
    16.54165929691904,
    16.543723062838136,
    16.545786771809237,
    16.54785042429924,
    16.549914019723687,
    16.55197755854933,
    16.55404104045515,
    16.556104465119265,
    16.558167833008813,
    16.560231143802202,
    16.56229439717872,
    16.564357593604676,
    16.566420732496702,
    16.568483814321162,
    16.57054683875725,
    16.57260980548395,
    16.574672714968187,
    16.576735566888686,
    16.578798360925166,
    16.580861097544087,
    16.582923776162264,
    16.584986397246414
  ],
  "r_helio": [
    1.7377670375433278,
    1.7377720075807621,
    1.737776977351513,
    1.7377819468568436,
    1.73778691609612,
    1.7377918850687093,
    1.737796853775874,
    1.737801822216348,
    1.7378067903913939,
    1.7378117583003792,
    1.7378167259426682,
    1.7378216933195267,
    1.7378266604303194,
    1.737831627274412,
    1.7378365938530687,
    1.7378415601650226,
    1.7378465262115377,
    1.737851491991979,
    1.7378564575057143,
    1.7378614227540055,
    1.737866387736219,
    1.737871352451722,
    1.7378763169017764,
    1.7378812810851172,
    1.7378862450030066,
    1.7378912086548102,
    1.7378961720398967,
    1.7379011351595273,
    1.737906098013068,
    1.737911060599887,
    1.7379160229212456,
    1.7379209849758783,
    1.7379259467650479,
    1.7379309082881211,
    1.7379358695444647,
    1.7379408305353403,
    1.7379457912601144,
    1.7379507517181556,
    1.737955711910724,
    1.7379606718371872,
    1.737965631496912,
    1.7379705908911596,
    1.7379755500186667,
    1.7379805088806937,
    1.737985467476608,
    1.7379904258057768,
    1.7379953838694608,
    1.7380003416670287,
    1.738005299197847,
    1.7380102564631754,
    1.7380152134617521,
    1.7380201701948366,
    1.7380251266617963,
    1.7380300828619997,
    1.7380350387967065,
    1.7380399944652847,
    1.7380449498671022,
    1.738049905003418,
    1.7380548598729701,
    1.7380598144770183
  ],