{
  "jd": [
    2451575.399154006,
    2451575.4028137284,
    2451575.4064734504,
    2451575.4101331728,
    2451575.413792895,
    2451575.417452617,
    2451575.4211123395,
    2451575.4247720614,
    2451575.428431784,
    2451575.432091506,
    2451575.435751228,
    2451575.4394109505,
    2451575.443070673,
    2451575.446730395,
    2451575.4503901172,
    2451575.454049839,
    2451575.4577095616,
    2451575.461369284,
    2451575.465029006,
    2451575.4686887283,
    2451575.4723484507,
    2451575.4760081726,
    2451575.479667895,
    2451575.483327617,
    2451575.4869873393,
    2451575.4906470617,
    2451575.4943067837,
    2451575.497966506,
    2451575.5016262284,
    2451575.5052859504,
    2451575.508945673,
    2451575.5126053947,
    2451575.516265117,
    2451575.5199248395,
    2451575.5235845614,
    2451575.527244284,
    2451575.530904006,
    2451575.534563728,
    2451575.5382234505,
    2451575.541883173,
    2451575.545542895,
    2451575.5492026173,
    2451575.552862339,
    2451575.5565220616,
    2451575.560181784,
    2451575.563841506,
    2451575.5675012283,
    2451575.5711609507,
    2451575.5748206726,
    2451575.578480395,
    2451575.582140117,
    2451575.5857998393,
    2451575.5894595617,
    2451575.5931192837,
    2451575.596779006,
    2451575.6004387285,
    2451575.6040984504,
    2451575.607758173,
    2451575.6114178947,
    2451575.615077617
  ],
  "mag": [
    -0.023537790816572368,
    -0.01807303175937136,
    -0.01897126795822679,
    -0.013933320111670255,
    -0.002856800734698517,
    0.010370031072055141,
    0.01532931431666018,
    0.022112973697036686,
    0.028472585407832263,
    0.01883989151998744,
    0.02832189886620018,
    0.04092846144310158,
    0.04278327595097675,
    0.024939011340153527,
    0.01961836933744099,
    0.014283897483281294,
    -0.0030186987712177427,
    0.002879339033869499,
    0.0009370010274132312,
    -0.008476288468099114,
    -0.01058603770417843,
    -0.012908523247568304,
    -0.016916608127128363,
    -0.023792582254074546,
    -0.018723404355384332,
    -0.015544427381754211,
    -0.014992876511703557,
    -0.01886733891610426,
    -0.015544682496012818,
    -0.015534472127692212,
    -0.013244196526893681,
    -0.012852875474196779,
    -0.025855963218668343,
    -0.006228270045779638,
    -0.01620937194832539,
    0.010161100538647716,
    0.013849310191329955,
    0.025892418483000945,
    0.02222653190574242,
    0.008725867271026644,
    0.03256619730951282,
    0.028769140823949435,
    0.03936888650345427,
    0.020294552855883552,
    0.022999364307764836,
    0.020724768565264284,
    0.01395154138413357,
    0.006046350908717635,
    -0.006267213306798247,
    -0.016923019117879967,
    -0.0021548906971737836,
    -0.009967743655587391,
    -0.02120083891323521,
    -0.034856952623139925,
    -0.019845900851924725,
    -0.008756173996857797,
    -0.01898472779043825,
    -0.026259460817352753,
    -0.02177789715044476,
    -0.021728433668164904
  ],
  "mag_err": [
    0.005,
    0.005,
    0.005,
    0.005,
    0.005,
    0.005,
    0.005,
    0.005,
    0.005,
    0.005,
    0.005,
    0.005,
    0.005,
    0.005,
    0.005,
    0.005,
    0.005,
    0.005,
    0.005,
    0.005,
    0.005,
    0.005,
    0.005,
    0.005,
    0.005,
    0.005,
    0.005,
    0.005,
    0.005,
    0.005,
    0.005,
    0.005,
    0.005,
    0.005,
    0.005,
    0.005,
    0.005,
    0.005,
    0.005,
    0.005,
    0.005,
    0.005,
    0.005,
    0.005,
    0.005,
    0.005,
    0.005,
    0.005,
    0.005,
    0.005,
    0.005,
    0.005,
    0.005,
    0.005,
    0.005,
    0.005,
    0.005,
    0.005,
    0.005,
    0.005
  ],
  "brightness": [
    242.58853893275372,
    241.37060288683105,
    241.5703728860752,
    240.4520535937209,
    238.0114678975573,
    235.12951609739403,
    234.0579714671429,
    232.60014065717488,
    231.24168661015045,
    233.30239970478772,
    231.27378227760667,
    228.60397511425816,
    228.21377352668495,
    231.99549837955826,
    233.13518077422145,
    234.2834461090172,
    238.04696129110596,
    236.7573263229283,
    237.1812546533155,
    239.24654671319234,
    239.7118908157979,
    240.2252045174777,
    241.11365458652818,
    242.6454742502989,
    241.51523088326326,
    240.80912155941414,
    240.68682228456356,
    241.54725034877876,
    240.80917814207902,
    240.8069135599163,
    240.29948558894472,
    240.21289245207154,
    243.10704686781048,
    238.75169885177016,
    240.95664704432295,
    235.17476692534925,
    234.3772414413614,
    231.79186781195912,
    232.57581405377428,
    235.48584970651774,
    230.37146470755093,
    231.17853442842463,
    228.93258275569406,
    232.99003217598988,
    232.4103243438902,
    232.89772972237532,
    234.3551738923198,
    236.06772902631445,
    238.76026256773977,
    241.11507830433956,
    237.85764724785818,
    239.57542097941368,
    242.06694992940132,
    245.13083441761154,
    241.76505232886652,
    239.30822861852297,
    241.57336764375788,
    243.19741075075015,
    242.19564035571938,
    242.18460676686902
  ],
  "phase_angle_deg": [
    3.9148681243032866,
    3.9141180149761228,
    3.9133679313666248,
    3.912617873299162,
    3.911867840884316,
    3.911117834233028,
    3.910367853169033,
    3.9096178978991873,
    3.908867968247453,
    3.9081180643246505,
    3.907368186241499,
    3.906618333822537,
    3.9058685071783006,
    3.9051187064195045,
    3.9043689313707057,
    3.9036191822384887,
    3.902869458846615,
    3.90211976130642,
    3.9013700897285806,
    3.900620443937807,
    3.899870824044312,
    3.8991212301594187,
    3.898371662107671,
    3.8976221200953822,
    3.8968726039466715,
    3.8961231137732084,
    3.8953736496851548,
    3.8946242115073963,
    3.8938747993510368,
    3.8931254133268887,
    3.8923760532594813,
    3.891626719355232,
    3.890877411438901,
    3.8901281296212704,
    3.889378874013492,
    3.888629644440436,
    3.8878804410128827,
    3.887131263841696,
    3.886382112751953,
    3.8856329878543345,
    3.884883889260078,
    3.8841348167940897,
    3.883385770662755,
    3.882636750690839,
    3.88188775698964,
    3.881138789669512,
    3.8803898485563644,
    3.879640933760741,
    3.878892045393554,
    3.878143183280356,
    3.8773943476271673,
    3.8766455382591145,
    3.875896755287362,
    3.8751479988227837,
    3.8743992686909015,
    3.8736505650025927,
    3.8729018878692933,
    3.8721532371155076,
    3.871404612948303,
    3.870656015192698
  ],