{
  "jd": [
    2452110.37489347,
    2452110.3785531926,
    2452110.3822129145,
    2452110.385872637,
    2452110.3895323593,
    2452110.3931920812,
    2452110.3968518036,
    2452110.4005115256,
    2452110.404171248,
    2452110.4078309704,
    2452110.4114906923,
    2452110.4151504147,
    2452110.418810137,
    2452110.422469859,
    2452110.4261295814,
    2452110.4297893033,
    2452110.4334490257,
    2452110.437108748,
    2452110.44076847,
    2452110.4444281925,
    2452110.448087915,
    2452110.451747637,
    2452110.455407359,
    2452110.459067081,
    2452110.4627268035,
    2452110.466386526,
    2452110.470046248,
    2452110.47370597,
    2452110.4773656926,
    2452110.4810254145,
    2452110.484685137,
    2452110.488344859,
    2452110.4920045813,
    2452110.4956643037,
    2452110.4993240256,
    2452110.502983748,
    2452110.5066434704,
    2452110.5103031923,
    2452110.5139629147,
    2452110.517622637,
    2452110.521282359,
    2452110.5249420814,
    2452110.5286018034,
    2452110.5322615257,
    2452110.535921248,
    2452110.53958097,
    2452110.5432406925,
    2452110.546900415,
    2452110.550560137,
    2452110.554219859,
    2452110.557879581,
    2452110.5615393035,
    2452110.565199026,
    2452110.568858748,
    2452110.57251847,
    2452110.5761781926,
    2452110.5798379146,
    2452110.583497637,
    2452110.587157359,
    2452110.5908170813
  ],
  "mag": [
    0.43028660959636245,
    0.3893411920927212,
    0.27000537161235005,
    0.1689353808476728,
    0.05850693527527007,
    -0.020660746838975008,
    -0.06969406665951272,
    -0.1140354690062031,
    -0.1401879364454599,
    -0.15595072453245873,
    -0.1721505230708651,
    -0.18130740890754815,
    -0.18683780536798,
    -0.18061089248619666,
    -0.1817733311646661,
    -0.18563008708728113,
    -0.16685376499272753,
    -0.1602927185088321,
    -0.15248402540323536,
    -0.13217682448105705,
    -0.1043605557938152,
    -0.08395150481895364,
    -0.060574471039012145,
    -0.007416921280536393,
    0.028034152129555956,
    0.06898429871897793,
    0.12788577194647566,
    0.21995963521317474,
    0.3075762819325458,
    0.36785842758552256,
    0.4262794966907082,
    0.4005180500157053,
    0.2833627335077251,
    0.15320037124009378,
    0.04501983629184725,
    -0.018907670939080745,
    -0.06665727484481643,
    -0.10976890834704811,
    -0.1451650189349296,
    -0.15515588518800083,
    -0.17090071420010755,
    -0.1777722446627159,
    -0.1825663756246021,
    -0.17885337499123288,
    -0.18365423052443575,
    -0.18789984729685738,
    -0.17232620474366822,
    -0.15920018468515362,
    -0.15293098819803497,
    -0.1343660773579689,
    -0.11075902161669049,
    -0.06999282975494214,
    -0.05954047771980431,
    -0.006934868165095587,
    0.029920571040139343,
    0.07116640928660711,
    0.1212807510224101,
    0.22916059063863958,
    0.3043526703944206,
    0.3986664386015084
  ],
  "mag_err": [
    0.005,
    0.005,
    0.005,
    0.005,
    0.005,
    0.005,
    0.005,
    0.005,
    0.005,
    0.005,
    0.005,
    0.005,
    0.005,
    0.005,
    0.005,
    0.005,
    0.005,
    0.005,
    0.005,
    0.005,
    0.005,
    0.005,
    0.005,
    0.005,
    0.005,
    0.005,
    0.005,
    0.005,
    0.005,
    0.005,
    0.005,
    0.005,
    0.005,
    0.005,
    0.005,
    0.005,
    0.005,
    0.005,
    0.005,
    0.005,
    0.005,
    0.005,
    0.005,
    0.005,
    0.005,
    0.005,
    0.005,
    0.005,
    0.005,
    0.005,
    0.005,
    0.005,
    0.005,
    0.005,
    0.005,
    0.005,
    0.005,
    0.005,
    0.005,
    0.005
  ],
  "brightness": [
    128.05179813840653,
    132.97311676522233,
    148.4219648241797,
    162.90190866989755,
    180.34227794918024,
    193.98342538994174,
    202.9448111433729,
    211.4046388376429,
    216.5586322051298,
    219.7255776964183,
    223.02858775984072,
    224.9175213013475,
    226.06610271294036,
    224.77327953470186,
    225.01406092773414,
    225.8147779705047,
    221.94319372337054,
    220.60604696021556,
    219.02512422649724,
    214.9666333756502,
    209.52919646079235,
    205.62737294656816,
    201.24732369869784,
    191.6315858744878,
    185.47554860166468,
    178.61034349196117,
    169.17882970049246,
    155.42342356489118,
    143.37380541342503,
    135.6303723802211,
    128.5252704751492,
    131.6112776476273,
    146.6071771721929,
    165.27995147574075,
    182.59647557496226,
    193.670464220942,
    202.3779699088403,
    210.57552324135688,
    217.55362930582686,
    219.56478115867048,
    222.77200357775448,
    224.1863793158072,
    225.1784759485453,
    224.4097258397323,
    225.40420690242007,
    226.28734351072782,
    223.06467866790774,
    220.38417138551873,
    219.11530841150585,
    215.40052432207156,
    210.76764054701587,
    203.00066335003146,
    201.05575844280582,
    191.54652276376447,
    185.15357278265583,
    178.25173324975324,
    170.2111573703361,
    154.11186953465682,
    143.80012283031937,
    131.83591864021872
  ],
  "phase_angle_deg": [
    20.024441440998405,
    20.026339220871066,
    20.02823687808929,
    20.030134413114638,
    20.032031825683763,
    20.033929115533454,
    20.035826283124905,
    20.03772332795388,
    20.039620250481253,
    20.04151705044421,
    20.04341372757995,
    20.045310282348915,
    20.04720671448873,
    20.049103023736503,
    20.050999210553012,
    20.052895274434466,
    20.054791215841647,
    20.056687034511796,
    20.058582730182287,
    20.060478303313925,
    20.062373753644128,
    20.064269080910314,
    20.066164285573304,
    20.068059367129152,
    20.069954326039124,
    20.071849162040355,
    20.07374387487048,
    20.075638464990345,
    20.077532932137302,
    20.079427276049,
    20.0813214971866,
    20.083215595046024,
    20.08510957008842,
    20.087003422051417,
    20.08889715067269,
    20.090790756412847,
    20.092684239009962,
    20.094577598201486,
    20.0964708344482,
    20.098363947487854,
    20.100256937058553,
    20.102149803620627,
    20.104042546671455,
    20.105935166671223,
    20.10782766335818,
    20.109720036470318,
    20.111612286468066,
    20.113504413089398,
    20.115396416072645,
    20.117288295878133,
    20.11918005200331,
    20.12107168490871,
    20.12296319433216,
    20.124854580012382,
    20.126745842409523,
    20.128636981261756,
    20.130527996307755,
    20.132418888007493,
    20.13430965585894,
    20.136200300322393
  ],
  "r_helio": [
    1.7462266407567602,
    1.7462311328801061,
    1.7462356247343802,
    1.7462401163207248,
    1.7462446076385676,
    1.7462490986873356,
    1.7462535894681708,
    1.7462580799799288,
    1.7462625702237506,
    1.7462670601990649,
    1.7462715499052968,
    1.74627603934359,
    1.7462805285133707,
    1.746285017414067,
    1.7462895060468195,
    1.746293994410485,
    1.7462984825062045,
    1.7463029703334052,
    1.7463074578915152,
    1.7463119451816753,
    1.7463164322033127,
    1.7463209189558555,
    1.7463254054404445,
    1.7463298916559367,
    1.746334377603472,
    1.7463388632824783,
    1.7463433486923845,
    1.7463478338343297,
    1.746352318707743,
    1.7463568033120513,
    1.7463612876483954,
    1.7463657717156322,
    1.7463702555149023,
    1.7463747390456343,
    1.746379222307255,
    1.7463837053009048,
    1.7463881880260115,
    1.7463926704820043,
    1.7463971526700226,
    1.7464016345894942,
    1.7464061162398479,
    1.7464105976222226,
    1.7464150787354773,
    1.7464195595807503,
    1.7464240401574702,
    1.7464285204650662,
    1.7464330005046773,
    1.7464374802757314,
    1.746441959777658,
    1.746446439011595,
    1.7464509179764014,
    1.7464553966732168,
    1.7464598751014693,
    1.7464643532605877,
    1.7464688311517098,
    1.746473308774266,
    1.7464777861276843,
    1.7464822632131027,
    1.746486740029381,
    1.7464912165776574
  ],