{
  "jd": [
    2451817.956970942,
    2451817.9606306646,
    2451817.9642903865,
    2451817.967950109,
    2451817.9716098313,
    2451817.9752695533,
    2451817.9789292756,
    2451817.9825889976,
    2451817.98624872,
    2451817.9899084424,
    2451817.9935681643,
    2451817.9972278867,
    2451818.000887609,
    2451818.004547331,
    2451818.0082070534,
    2451818.0118667753,
    2451818.0155264977,
    2451818.01918622,
    2451818.022845942,
    2451818.0265056645,
    2451818.030165387,
    2451818.033825109,
    2451818.037484831,
    2451818.041144553,
    2451818.0448042755,
    2451818.048463998,
    2451818.05212372,
    2451818.055783442,
    2451818.0594431646,
    2451818.0631028865,
    2451818.066762609,
    2451818.070422331,
    2451818.0740820533,
    2451818.0777417757,
    2451818.0814014976,
    2451818.08506122,
    2451818.0887209424,
    2451818.0923806643,
    2451818.0960403867,
    2451818.099700109,
    2451818.103359831,
    2451818.1070195534,
    2451818.1106792754,
    2451818.1143389978,
    2451818.11799872,
    2451818.121658442,
    2451818.1253181645,
    2451818.128977887,
    2451818.132637609,
    2451818.136297331,
    2451818.139957053,
    2451818.1436167755,
    2451818.147276498,
    2451818.15093622,
    2451818.1545959422,
    2451818.1582556646,
    2451818.1619153866,
    2451818.165575109,
    2451818.169234831,
    2451818.1728945533
  ],
  "mag": [
    -0.2851155365172895,
    -0.26697321395115736,
    -0.22709990326139895,
    -0.19162584142209038,
    -0.12459231761122247,
    -0.0795578777684609,
    -0.003815626134357153,
    0.11881724070492172,
    0.2558907253512883,
    0.36859082292932843,
    0.5276071631379002,
    0.6554722627495897,
    0.6414607613551686,
    0.5287175687452654,
    0.40073375853243665,
    0.26217470642250706,
    0.14022095005883894,
    0.03625892112157292,
    -0.027207390359443195,
    -0.09944587015535866,
    -0.13942373840193856,
    -0.20620002099995638,
    -0.2265155504243177,
    -0.25722879890938355,
    -0.28439272059296883,
    -0.29894026747407754,
    -0.3105934606034806,
    -0.30327465882173055,
    -0.31192153163492264,
    -0.29170155388861296,
    -0.28320759157397735,
    -0.2612570932322402,
    -0.22666269181420784,
    -0.20510831417201025,
    -0.13217400330032092,
    -0.06877042991924842,
    0.02355235081782414,
    0.1143852090805213,
    0.25412164912708235,
    0.3866605179057858,
    0.5141398664812806,
    0.6409220129944675,
    0.6191661903666557,
    0.510639489260651,
    0.40443220438652183,
    0.2603162122029872,
    0.1493865528042173,
    0.045789598540307175,
    -0.03040467116758805,
    -0.09819027479308406,
    -0.14425414957680882,
    -0.20000959138215446,
    -0.22209460420170046,
    -0.26341431351482747,
    -0.2850414385453188,
    -0.29951961787502857,
    -0.30438843407830785,
    -0.30989952372538276,
    -0.3057196635282491,
    -0.283714449744477
  ],
  "mag_err": [
    0.005,
    0.005,
    0.005,
    0.005,
    0.005,
    0.005,
    0.005,
    0.005,
    0.005,
    0.005,
    0.005,
    0.005,
    0.005,
    0.005,
    0.005,
    0.005,
    0.005,
    0.005,
    0.005,
    0.005,
    0.005,
    0.005,
    0.005,
    0.005,
    0.005,
    0.005,
    0.005,
    0.005,
    0.005,
    0.005,
    0.005,
    0.005,
    0.005,
    0.005,
    0.005,
    0.005,
    0.005,
    0.005,
    0.005,
    0.005,
    0.005,
    0.005,
    0.005,
    0.005,
    0.005,
    0.005,
    0.005,
    0.005,
    0.005,
    0.005,
    0.005,
    0.005,
    0.005,
    0.005,
    0.005,
    0.005,
    0.005,
    0.005,
    0.005,
    0.005
  ],
  "brightness": [
    188.6022469215102,
    185.4769447421541,
    178.78892335384896,
    173.04178420066074,
    162.68127775947804,
    156.07156990780967,
    145.5549228027461,
    130.0090999023666,
    114.58937684520637,
    103.29143681673028,
    89.21908861615036,
    79.30704033477065,
    80.33713564758008,
    89.12788899240029,
    100.27834192374515,
    113.92807655113239,
    127.47125681229518,
    140.28042706527333,
    148.72487204602697,
    158.95675775425934,
    164.918791301244,
    175.38023844864674,
    178.69272346267687,
    183.8197484173003,
    188.4767290115106,
    191.01908252853076,
    193.08032983968928,
    191.78317816971128,
    193.3166499371708,
    189.74977490141003,
    188.271110578943,
    184.50302250292364,
    178.71694193978774,
    175.20398239595986,
    163.82125518294592,
    154.52858213388933,
    141.93179898542843,
    130.54088846187435,
    114.7762386102479,
    101.58660362011868,
    90.33263966892879,
    80.3770092743239,
    82.00383661357758,
    90.624339040641,
    99.9373354607204,
    114.12325839291073,
    126.3996952000139,
    139.05442334327358,
    149.1634832062533,
    158.77303908799306,
    165.65414514016973,
    174.3831363534952,
    177.96659428043517,
    184.86997105263336,
    188.589375869518,
    191.1210377851114,
    191.98001507616564,
    192.9569640054163,
    192.2155476029708,
    188.359022382862
  ],
  "phase_angle_deg": [
    42.17837297402763,
    42.17871164509513,
    42.17905029355759,
    42.17938891950094,
    42.17972752288181,
    42.18006610365678,
    42.18040466191183,
    42.180743197560496,
    42.18108171068856,
    42.18142020125275,
    42.181758669209714,
    42.18209711464526,
    42.18243553751607,
    42.182773937778805,
    42.1831123155193,
    42.183450670651126,
    42.18378900326015,
    42.18412731330307,
    42.1844656007365,
    42.184803865646224,
    42.185142107989066,
    42.18548032772154,
    42.185818524929545,
    42.18615669952669,
    42.1864948515987,
    42.186832981102384,
    42.18717108799439,
    42.187509172360485,
    42.18784723415727,
    42.188185273341645,
    42.18852328999924,
    42.18886128404375,
    42.18919925556095,
    42.189537204507516,
    42.18987513084019,
    42.190213034644756,
    42.190550915877814,
    42.190888774496194,
    42.191226610585545,
    42.191564424102644,
    42.191902215004184,
    42.19223998337583,
    42.192577729131486,
    42.19291545235665,
    42.19325315300823,
    42.19359083104285,
    42.19392848654622,
    42.19426611947513,
    42.194603729786266,
    42.194941317565345,
    42.19527888272614,
    42.19561642535432,
    42.195953945406565,
    42.19629144283974,
    42.19662891773953,
    42.19696637006248,
    42.197303799765585,
    42.1976412069344,
    42.19797859148273,
    42.19831595349624
  ],
  "r_helio": [
    1.156468012295363,
    1.1564625296957294,
    1.1564570476836902,
    1.156451566257872,
    1.1564460854189955,
    1.1564406051677807,
    1.1564351255028549,
    1.156429646425635,
    1.1564241679347487,
    1.1564186900309161,
    1.1564132127148563,
    1.1564077359851983,
    1.1564022598426604,
    1.1563967842879623,
    1.1563913093197329,
    1.1563858349393878,
    1.1563803611455565,
    1.1563748879389577,
    1.15636941532031,
    1.1563639432882429,
    1.1563584718434758,
    1.1563530009867267,
    1.1563475307166258,
    1.1563420610345876,
    1.1563365919392423,
    1.1563311234313087,
    1.156325655511504,
    1.1563201881784602,
    1.1563147214328946,
    1.1563092552755254,
    1.1563037897049837,
    1.156298324722683,
    1.1562928603272544,
    1.1562873965194165,
    1.156281933299886,
    1.1562764706672952,
    1.156271008622361,
    1.156265547165802,
    1.1562600862962495,
    1.1562546260144215,
    1.1562491663210346,
    1.1562437072147214,
    1.1562382486968938,
    1.1562327907661856,
    1.1562273334233129,
    1.1562218766689927,
    1.1562164205018584,
    1.156210964922627,
    1.1562055099320145,
    1.1562000555286556,
    1.1561946017139595,
    1.156189148486562,
    1.1561836958471787,
    1.1561782437965256,
    1.1561727923332377,
    1.1561673414580307,
    1.156161891171621,
    1.1561564414726433,
    1.1561509923625068,
    1.1561455438398476
  ],