{
  "jd": [
    2451726.046800736,
    2451726.051691014,
    2451726.0565812914,
    2451726.0614715694,
    2451726.066361847,
    2451726.071252125,
    2451726.0761424024,
    2451726.0810326803,
    2451726.085922958,
    2451726.090813236,
    2451726.095703514,
    2451726.1005937913,
    2451726.1054840693,
    2451726.110374347,
    2451726.115264625,
    2451726.1201549023,
    2451726.1250451803,
    2451726.1299354583,
    2451726.134825736,
    2451726.139716014,
    2451726.1446062913,
    2451726.1494965693,
    2451726.154386847,
    2451726.159277125,
    2451726.1641674023,
    2451726.1690576803,
    2451726.1739479583,
    2451726.178838236,
    2451726.183728514,
    2451726.1886187913,
    2451726.1935090693,
    2451726.198399347,
    2451726.203289625,
    2451726.2081799028,
    2451726.2130701803,
    2451726.2179604582,
    2451726.2228507358,
    2451726.2277410137,
    2451726.2326312913,
    2451726.2375215692,
    2451726.2424118468,
    2451726.2473021247,
    2451726.2521924027,
    2451726.2570826802,
    2451726.261972958,
    2451726.2668632357,
    2451726.2717535137,
    2451726.2766437912,
    2451726.281534069,
    2451726.286424347,
    2451726.2913146247,
    2451726.2962049027,
    2451726.30109518,
    2451726.305985458,
    2451726.3108757357,
    2451726.3157660137,
    2451726.320656291,
    2451726.325546569,
    2451726.330436847,
    2451726.3353271247
  ],
  "mag": [
    0.054773465394135634,
    0.0522641434743738,
    0.031006129187043818,
    0.03248943705013918,
    0.054057640668585094,
    0.03157010843499286,
    0.019780163900445125,
    -0.005718546866321894,
    -0.0006279528217447705,
    -0.022228927471602766,
    -0.042054845862932844,
    -0.03822486912021983,
    -0.05128430469278911,
    -0.04751794463969272,
    -0.04730694217311804,
    -0.048310785333803175,
    -0.0492550311646438,
    -0.04135596565427058,
    -0.027187398699171084,
    -0.025650172815832484,
    -0.021081524512879035,
    -0.013948549577358804,
    -0.0038212469033984675,
    0.009248565420246102,
    0.01590194817488122,
    0.028910154119619058,
    0.03045511820414859,
    0.030645538527072524,
    0.02891063963510554,
    0.04131801714236705,
    0.045920653838129155,
    0.05105107449723878,
    0.04830349369544962,
    0.042799794410957936,
    0.0465684602728631,
    0.027520220885031144,
    0.02869601335720784,
    -0.0032512673407234516,
    -0.011492574292971014,
    -0.01695844354152065,
    -0.034865414834584385,
    -0.036746752177387876,
    -0.05291958489153448,
    -0.04609875392770757,
    -0.053373142301123444,
    -0.04771764871176121,
    -0.050877256919680924,
    -0.047319009688872704,
    -0.019447653922769703,
    -0.021377377630948935,
    -0.019523560515466443,
    -0.01416707938079309,
    0.0006437119873838881,
    0.019738995064290776,
    0.01464770114689884,
    0.015879958211981737,
    0.04140360511371899,
    0.025914392792357965,
    0.04312288644760276,
    0.048168497333390015
  ],
  "mag_err": [
    0.005,
    0.005,
    0.005,
    0.005,
    0.005,
    0.005,
    0.005,
    0.005,
    0.005,
    0.005,
    0.005,
    0.005,
    0.005,
    0.005,
    0.005,
    0.005,
    0.005,
    0.005,
    0.005,
    0.005,
    0.005,
    0.005,
    0.005,
    0.005,
    0.005,
    0.005,
    0.005,
    0.005,
    0.005,
    0.005,
    0.005,
    0.005,
    0.005,
    0.005,
    0.005,
    0.005,
    0.005,
    0.005,
    0.005,
    0.005,
    0.005,
    0.005,
    0.005,
    0.005,
    0.005,
    0.005,
    0.005,
    0.005,
    0.005,
    0.005,
    0.005,
    0.005,
    0.005,
    0.005,
    0.005,
    0.005,
    0.005,
    0.005,
    0.005,
    0.005
  ],
  "brightness": [
    109.27943189074009,
    109.53228741713271,
    111.69799128310008,
    111.54549624448997,
    109.35150345975445,
    111.63998548906196,
    112.8588834093549,
    115.54076361436645,
    115.0003059779576,
    117.31117526546291,
    119.47299559903516,
    119.05229241426267,
    120.49292208371541,
    120.0756628104214,
    120.0523295190134,
    120.16337807616935,
    120.2679275250195,
    119.396116478492,
    117.84815133898836,
    117.68141558655576,
    117.18726663101396,
    116.4199033949241,
    115.33903499927655,
    113.9589367510966,
    113.26273264594718,
    111.9138285424309,
    111.75469238585275,
    111.73509416437423,
    111.91377849723158,
    110.64215037799141,
    110.17411058193392,
    109.65473380273168,
    109.93257917660554,
    110.49125258277306,
    110.10839460992162,
    112.05718966362667,
    111.93590358788784,
    115.27850129003653,
    116.15685491037678,
    116.74309214021967,
    118.68449348504416,
    118.89032537341467,
    120.67453908126208,
    119.91881168988617,
    120.7249604127026,
    120.09775086844557,
    120.44775716917971,
    120.05366385918057,
    117.01104994604945,
    117.2192034331263,
    117.01923077354331,
    116.44333798150703,
    114.86569111266274,
    112.8631628622725,
    113.39364983432066,
    113.26502663642127,
    110.63342886357388,
    112.22304737290848,
    110.4583776242058,
    109.94624863041913
  ],
  "phase_angle_deg": [
    16.03373749923834,
    16.032825807171633,
    16.031914094424614,
    16.031002360825802,
    16.030090606550832,
    16.02917883142818,
    16.02826703563363,
    16.027355218995478,
    16.02644338168955,
    16.025531523544263,
    16.024619644648542,
    16.023707745091173,
    16.02279582470075,
    16.02188388365286,
    16.02097192177603,
    16.020059939246003,
    16.01914793589111,
    16.018235911800296,
    16.0173238670625,
    16.01641180150605,
    16.015499715306873,
    16.014587608293223,
    16.013675480640895,
    16.01276333217823,
    16.011851163081015,
    16.010938973177723,
    16.01002676255722,
    16.009114531308427,
    16.008202279259674,
    16.00729000658683,
    16.00637771311827,
    16.00546539902968,
    16.004553064149466,
    16.003640708566618,
    16.00272833237005,
    16.00181593538802,
    16.0009035177965,
    15.999991079423713,
    15.99907862044549,
    15.99816614069019,
    15.9972536403336,
    15.99634111920408,
    15.995428577390554,
    15.99451601498196,
    15.993603431806697,
    15.99269082804054,
    15.991778203511775,
    15.990865558396333,
    15.989952892522396,
    15.989040205979009,
    15.988127498855128,
    15.987214770979042,
    15.98630202252659,
    15.985389253326048,
    15.984476463553408,
    15.983563653036722,
    15.9826508219521,
    15.981737970127636,
    15.980825097652358,
    15.979912204615289
  ],