{
  "jd": [
    2451817.956970942,
    2451817.96186122,
    2451817.9667514977,
    2451817.9716417757,
    2451817.976532053,
    2451817.981422331,
    2451817.9863126087,
    2451817.9912028867,
    2451817.996093164,
    2451818.000983442,
    2451818.00587372,
    2451818.0107639977,
    2451818.0156542757,
    2451818.020544553,
    2451818.025434831,
    2451818.0303251087,
    2451818.0352153867,
    2451818.0401056646,
    2451818.044995942,
    2451818.04988622,
    2451818.0547764977,
    2451818.0596667756,
    2451818.064557053,
    2451818.069447331,
    2451818.0743376086,
    2451818.0792278866,
    2451818.0841181646,
    2451818.089008442,
    2451818.09389872,
    2451818.0987889976,
    2451818.1036792756,
    2451818.108569553,
    2451818.113459831,
    2451818.118350109,
    2451818.1232403866,
    2451818.1281306646,
    2451818.133020942,
    2451818.13791122,
    2451818.1428014976,
    2451818.1476917756,
    2451818.152582053,
    2451818.157472331,
    2451818.162362609,
    2451818.1672528866,
    2451818.1721431646,
    2451818.177033442,
    2451818.18192372,
    2451818.1868139976,
    2451818.1917042756,
    2451818.1965945535,
    2451818.201484831,
    2451818.206375109,
    2451818.2112653865,
    2451818.2161556645,
    2451818.221045942,
    2451818.22593622,
    2451818.2308264975,
    2451818.2357167755,
    2451818.2406070535,
    2451818.245497331
  ],
  "mag": [
    -0.007532745797847795,
    -0.0227646950839695,
    -0.014354045479863409,
    0.003401818648579358,
    0.006117696961971397,
    -0.016318595973836558,
    -0.018153077572657494,
    -0.010438531348160751,
    -0.007167983963737079,
    -0.014072731243349068,
    0.003643189933501212,
    0.009200687432492138,
    -0.003736189905024112,
    0.00505711875181003,
    0.01230934801672312,
    0.009039718446945066,
    0.009785681413736036,
    0.0031470630351444484,
    0.008147042560939788,
    0.007104191386217096,
    0.02266130681274703,
    0.0067131124685841925,
    0.007188349718892262,
    0.009694560897936633,
    0.0035214961859653116,
    -0.0025769738032321854,
    -0.009976711083502288,
    0.0021921533465754095,
    -0.009443578328369284,
    -0.006497809489925288,
    -0.0037472326050789206,
    -0.02020929132507021,
    -0.016533218803950867,
    -0.010678919326238656,
    -0.0007674303756770584,
    0.0020833280479077843,
    -0.007997397671092088,
    -0.007587958672613304,
    -0.010695739871163568,
    -0.0007762367693135985,
    -0.00026118763222360286,
    0.005839289985529739,
    -0.014335488666358032,
    -0.007814020701985669,
    0.016621833176298395,
    0.009226653723722222,
    0.019305216885008747,
    0.013689862960790222,
    0.006439692643481543,
    0.0037056844542613376,
    0.015124119016221904,
    0.009695284306299179,
    0.013963045091786697,
    0.003732910624090202,
    0.004294993492567123,
    -0.0017347285187332417,
    -0.0005945491013958915,
    -0.004613123707758682,
    8.248299050617192e-05,
    -0.001348740595106257
  ],
  "mag_err": [
    0.005,
    0.005,
    0.005,
    0.005,
    0.005,
    0.005,
    0.005,
    0.005,
    0.005,
    0.005,
    0.005,
    0.005,
    0.005,
    0.005,
    0.005,
    0.005,
    0.005,
    0.005,
    0.005,
    0.005,
    0.005,
    0.005,
    0.005,
    0.005,
    0.005,
    0.005,
    0.005,
    0.005,
    0.005,
    0.005,
    0.005,
    0.005,
    0.005,
    0.005,
    0.005,
    0.005,
    0.005,
    0.005,
    0.005,
    0.005,
    0.005,
    0.005,
    0.005,
    0.005,
    0.005,
    0.005,
    0.005,
    0.005,
    0.005,
    0.005,
    0.005,
    0.005,
    0.005,
    0.005,
    0.005,
    0.005,
    0.005,
    0.005,
    0.005,
    0.005
  ],
  "brightness": [
    118.23466416592422,
    119.90508515612561,
    118.9798294373093,
    117.04988635138865,
    116.75746174018414,
    119.19530855428197,
    119.39687356688722,
    118.55152265626188,
    118.19494894866946,
    118.94900575843135,
    117.02386774654104,
    116.42639461686477,
    117.82194825674286,
    116.87156949444338,
    116.09352140097349,
    116.44365703095073,
    116.36368104552737,
    117.07735399417379,
    116.5394346126182,
    116.65142468064163,
    114.99188709302565,
    116.69344974139655,
    116.64238306547423,
    116.37344728850336,
    117.03698499461976,
    117.69621954600719,
    118.50110723023944,
    117.18036932801935,
    118.44293351080334,
    118.12201521421896,
    117.8231465948338,
    119.62320673472746,
    119.2188728077132,
    118.57777352252602,
    117.50022438672207,
    117.19211511649276,
    118.28527472422839,
    118.24067689872767,
    118.57961057853278,
    117.50117743353056,
    117.44545070392304,
    116.78740479610998,
    118.97779591606515,
    118.2652984505921,
    115.63331880237043,
    116.42361021536298,
    115.34788534164339,
    115.94600214845482,
    116.72284023264285,
    117.01713209562742,
    115.79293875723553,
    116.37336975079523,
    115.91683263992478,
    117.0141977840034,
    116.95363550959675,
    117.60495368751128,
    117.48151636975118,
    117.91714982208964,
    117.40828130342697,
    117.56315161472638
  ],
  "phase_angle_deg": [
    3.3323593105035014,
    3.333336996662623,
    3.3343147154640485,
    3.3352924670588098,
    3.3362702512251414,
    3.3372480681147034,
    3.338225917506137,
    3.3392037995495456,
    3.3401817140248524,
    3.3411596610825685,
    3.3421376405946797,
    3.3431156524328833,
    3.3440936967493937,
    3.345071773321879,
    3.3460498823023057,
    3.34702802346984,
    3.3480061969753288,
    3.348984402691881,
    3.349962640490576,
    3.3509409105237404,
    3.351919212570142,
    3.352897546781533,
    3.353875912937411,
    3.3548543111890656,
    3.3558327413159637,
    3.3568112034700177,
    3.3577896975237382,
    3.3587682233493497,
    3.3597467810990453,
    3.3607253705522164,
    3.3617039918608085,
    3.3626826448043987,
    3.3636613295353377,
    3.3646400459260564,
    3.365618793849351,
    3.3665975734574176,
    3.367576384529756,
    3.3685552272190735,
    3.3695341013050557,
    3.3705130069400537,
    3.3714919439035063,
    3.372470912348274,
    3.3734499121478136,
    3.374428943174322,
    3.37540800558083,
    3.3763870991473466,
    3.377366224026762,
    3.378345379998406,
    3.3793245672157854,
    3.380303785551518,
    3.38128303487977,
    3.3822623153527047,
    3.383241626750652,
    3.3842209692267167,
    3.385200342561087,
    3.386179746906834,
    3.387159182044548,
    3.3881386481267284,
    3.3891181450276537,
    3.390097672620457
  ],