{
  "jd": [
    2452103.831665342,
    2452103.83655562,
    2452103.8414458977,
    2452103.8463361757,
    2452103.851226453,
    2452103.856116731,
    2452103.8610070087,
    2452103.8658972867,
    2452103.870787564,
    2452103.875677842,
    2452103.88056812,
    2452103.8854583977,
    2452103.8903486757,
    2452103.895238953,
    2452103.900129231,
    2452103.9050195087,
    2452103.9099097867,
    2452103.9148000646,
    2452103.919690342,
    2452103.92458062,
    2452103.9294708977,
    2452103.9343611756,
    2452103.939251453,
    2452103.944141731,
    2452103.9490320086,
    2452103.9539222866,
    2452103.9588125646,
    2452103.963702842,
    2452103.96859312,
    2452103.9734833976,
    2452103.9783736756,
    2452103.983263953,
    2452103.988154231,
    2452103.993044509,
    2452103.9979347866,
    2452104.0028250646,
    2452104.007715342,
    2452104.01260562,
    2452104.0174958976,
    2452104.0223861756,
    2452104.027276453,
    2452104.032166731,
    2452104.037057009,
    2452104.0419472866,
    2452104.0468375646,
    2452104.051727842,
    2452104.05661812,
    2452104.0615083976,
    2452104.0663986756,
    2452104.0712889535,
    2452104.076179231,
    2452104.081069509,
    2452104.0859597865,
    2452104.0908500645,
    2452104.095740342,
    2452104.10063062,
    2452104.1055208975,
    2452104.1104111755,
    2452104.1153014535,
    2452104.120191731
  ],
  "mag": [
    -0.05527161040756656,
    -0.06208797784431308,
    -0.056966473944418006,
    -0.0431126978172891,
    -0.03787976314348551,
    -0.03379328085959532,
    -0.03527533996387344,
    -0.013832357060576506,
    0.005801076581571252,
    0.015484978845887731,
    0.021201889928947892,
    0.037844205678309706,
    0.05310894098092955,
    0.05414285956064813,
    0.0654294713163468,
    0.05412963298947471,
    0.06143661728427663,
    0.06599796141446745,
    0.05194965399279283,
    0.03708099134073439,
    0.03368370634278328,
    0.018558266749541197,
    0.007049418109338568,
    -0.008357312498096015,
    -0.023758497474747564,
    -0.029263704998427897,
    -0.04267467433219441,
    -0.053379313360081504,
    -0.06189165421301368,
    -0.054378052519051145,
    -0.051920593680470084,
    -0.05834826828280981,
    -0.044195160468232686,
    -0.03100767411179728,
    -0.03242286027573105,
    -0.03306437020630071,
    -0.032489733178191926,
    -0.009611665726633412,
    0.0013004393159317118,
    0.0025504840463614897,
    0.01850563381811643,
    0.036959352570387516,
    0.059764746760317955,
    0.059773401520950564,
    0.06896629542789956,
    0.057495986448293124,
    0.06069888059084594,
    0.07472515555067805,
    0.052575720187369335,
    0.03250077277441932,
    0.035439420623715634,
    0.02488707573685378,
    0.0005390363515180852,
    -0.002474872963256658,
    -0.02711805037645476,
    -0.02896920539121428,
    -0.048185140036840934,
    -0.04949484221411993,
    -0.05285800395153295,
    -0.05549892153940661
  ],
  "mag_err": [
    0.005,
    0.005,
    0.005,
    0.005,
    0.005,
    0.005,
    0.005,
    0.005,
    0.005,
    0.005,
    0.005,
    0.005,
    0.005,
    0.005,
    0.005,
    0.005,
    0.005,
    0.005,
    0.005,
    0.005,
    0.005,
    0.005,
    0.005,
    0.005,
    0.005,
    0.005,
    0.005,
    0.005,
    0.005,
    0.005,
    0.005,
    0.005,
    0.005,
    0.005,
    0.005,
    0.005,
    0.005,
    0.005,
    0.005,
    0.005,
    0.005,
    0.005,
    0.005,
    0.005,
    0.005,
    0.005,
    0.005,
    0.005,
    0.005,
    0.005,
    0.005,
    0.005,
    0.005,
    0.005,
    0.005,
    0.005,
    0.005,
    0.005,
    0.005,
    0.005
  ],
  "brightness": [
    104.66306341719613,
    105.32221621819357,
    104.8265728738401,
    103.49750419391748,
    102.99987631433758,
    102.61293512378903,
    102.75310018125846,
    100.74366373572903,
    98.93828255873508,
    98.05975557748536,
    97.54478188517609,
    96.06100272216379,
    94.71989796411474,
    94.62974158232602,
    93.65112729176417,
    94.63089438042786,
    93.99616847847814,
    93.60210451568598,
    94.82108846390909,
    96.1285521955822,
    96.42981096441974,
    97.7825798344565,
    98.82459215176819,
    100.23692216838339,
    101.6689168929887,
    102.18573661535372,
    103.45575814750407,
    104.48080817471718,
    105.3031734981207,
    104.57696144167319,
    104.3405292803997,
    104.96006844709727,
    103.60074110176728,
    102.35000484986553,
    102.4834983712926,
    102.54406889295241,
    102.48981075179707,
    100.35279300687662,
    99.34925670085279,
    99.2349383710012,
    97.78732012822505,
    96.13932241201115,
    94.14101994251307,
    94.14026951644979,
    93.34655178235263,
    94.33794320701107,
    94.06005875556062,
    92.85274252544937,
    94.76642770424307,
    96.53493062735397,
    96.27400296847047,
    97.21425843060844,
    99.41895258872984,
    99.69531435868419,
    101.98399443221777,
    102.15802308957404,
    103.98216460815054,
    104.10767192647386,
    104.43065441341156,
    104.68497810507534
  ],
  "phase_angle_deg": [
    22.465576905357025,
    22.466181200184273,
    22.46678534946082,
    22.467389353311237,
    22.467993211629487,
    22.468596924539995,
    22.469200491937112,
    22.46980391394497,
    22.470407190458022,
    22.47101032160032,
    22.4716133073238,
    22.472216147580315,
    22.472818842493993,
    22.473421391959253,
    22.474023796100195,
    22.474626054811377,
    22.47522816821678,
    22.475830136268304,
    22.476431958917996,
    22.4770336362897,
    22.477635168278102,
    22.478236555007076,
    22.478837796371433,
    22.47943889249484,
    22.480039843272213,
    22.480640648827276,
    22.481241309112097,
    22.481841824078767,
    22.482442193850922,
    22.483042418323542,
    22.483642497620174,
    22.484242431635934,
    22.48484222049429,
    22.485441864147425,
    22.48604136254757,
    22.486640715818123,
    22.487239923854247,
    22.487838986779426,
    22.488437904488816,
    22.489036677105826,
    22.48963530452563,
    22.490233786871567,
    22.49083212409595,
    22.49143031615103,
    22.492028363160166,
    22.492626265018675,
    22.49322402184976,
    22.493821633548805,
    22.494419100238957,
    22.4950164218727,
    22.495613598402326,
    22.49621062995094,
    22.496807516414147,
    22.497404257914873,
    22.49800085434883,
    22.49859730583889,
    22.499193612280827,
    22.499789773797442,
    22.500385790341227,
    22.500981661864866
  ],
  "r_helio": [
    2.499799989727396,
    2.49979426801672,
    2.4997885461449942,
    2.499782824111132,
    2.4997771019162225,
    2.4997713795591787,
    2.4997656570410927,
    2.4997599343608736,
    2.4997542115196154,
    2.4997484885162287,
    2.499742765351259,
    2.499737042025254,
    2.499731318537124,
    2.4997255948879626,
    2.499719871076679,
    2.4997141471043656,
    2.4997084229699347,
    2.499702698673931,
    2.4996969742169033,
    2.499691249597761,
    2.499685524817595,
    2.4996797998753197,
    2.4996740747720247,
    2.4996683495066216,
    2.4996626240802025,
    2.4996568984916774,
    2.499651172741595,
    2.4996454468305,
    2.4996397207573047,
    2.4996339945231005,
    2.499628268126798,
    2.499622541569491,
    2.499616814850089,
    2.4996110879691376,
    2.4996053609271858,
    2.499599633723143,
    2.4995939063581023,
    2.499588178830974,
    2.499582451142851,
    2.499576723292643,
    2.499570995281443,
    2.499565267108161,
    2.4995595387733447,
    2.4995538102775408,
    2.499548081619659,
    2.4995423528007925,
    2.4995366238198518,
    2.49953089467793,
    2.499525165373936,
    2.499519435908418,
    2.499513706281923,
    2.4995079764933603,
    2.4995022465438246,
    2.4994965164322247,
    2.4994907861596523,
    2.4994850557250192,
    2.499479325129419,
    2.49947359437176,
    2.49946786345259,
    2.4994621323724564
  ],