{
  "jd": [
    2451575.399154006,
    2451575.404044284,
    2451575.4089345615,
    2451575.4138248395,
    2451575.418715117,
    2451575.423605395,
    2451575.4284956725,
    2451575.4333859505,
    2451575.438276228,
    2451575.443166506,
    2451575.448056784,
    2451575.4529470615,
    2451575.4578373395,
    2451575.462727617,
    2451575.467617895,
    2451575.4725081725,
    2451575.4773984505,
    2451575.4822887285,
    2451575.487179006,
    2451575.492069284,
    2451575.4969595615,
    2451575.5018498395,
    2451575.506740117,
    2451575.511630395,
    2451575.5165206725,
    2451575.5214109505,
    2451575.5263012284,
    2451575.531191506,
    2451575.536081784,
    2451575.5409720615,
    2451575.5458623394,
    2451575.550752617,
    2451575.555642895,
    2451575.560533173,
    2451575.5654234504,
    2451575.5703137284,
    2451575.575204006,
    2451575.580094284,
    2451575.5849845614,
    2451575.5898748394,
    2451575.594765117,
    2451575.599655395,
    2451575.604545673,
    2451575.6094359504,
    2451575.6143262284,
    2451575.619216506,
    2451575.624106784,
    2451575.6289970614,
    2451575.6338873394,
    2451575.6387776174,
    2451575.643667895,
    2451575.648558173,
    2451575.6534484504,
    2451575.6583387284,
    2451575.663229006,
    2451575.668119284,
    2451575.6730095614,
    2451575.6778998394,
    2451575.6827901173,
    2451575.687680395
  ],
  "mag": [
    0.006708833279128967,
    0.025391932804206263,
    0.038140816606194505,
    0.041490924582795685,
    0.06881327862691577,
    0.0713519032012968,
    0.07257104774519352,
    0.06978757129324098,
    0.056805405888390226,
    0.0425564644509997,
    0.02923562479461772,
    0.020769946137920492,
    0.006284561729739124,
    -0.009319972011518907,
    -0.02569833414273326,
    -0.04021704771790535,
    -0.05076178268097298,
    -0.04285848841836781,
    -0.043955142213123466,
    -0.03570303231465477,
    -0.054150752851576556,
    -0.044008191702332944,
    -0.045422932281285355,
    -0.03738659162531732,
    -0.04032974745458873,
    -0.03974561840318902,
    -0.02973542428980025,
    -0.014099372498519003,
    -0.004542890281502565,
    0.0111912496141926,
    0.017152838333847953,
    0.03066339543391905,
    0.030565333480141454,
    0.04930614438173819,
    0.06103927139384879,
    0.07527044965590068,
    0.07423768525825203,
    0.0732028137316405,
    0.05306650937003621,
    0.0341054675244612,
    0.032456681989359026,
    0.007882617173203599,
    0.005533498480080112,
    -0.0127586765880352,
    -0.023376675725796048,
    -0.0289305197918015,
    -0.031042184417749752,
    -0.03729291004557478,
    -0.05143601645330875,
    -0.044452545347756,
    -0.04635585008561005,
    -0.04148227358087375,
    -0.048386598976188466,
    -0.04870126520783025,
    -0.04173638039403116,
    -0.03332964498005708,
    -0.03019216881643416,
    -0.021694541278932,
    -0.011049986610434104,
    0.004571292226440704
  ],
  "mag_err": [
    0.005,
    0.005,
    0.005,
    0.005,
    0.005,
    0.005,
    0.005,
    0.005,
    0.005,
    0.005,
    0.005,
    0.005,
    0.005,
    0.005,
    0.005,
    0.005,
    0.005,
    0.005,
    0.005,
    0.005,
    0.005,
    0.005,
    0.005,
    0.005,
    0.005,
    0.005,
    0.005,
    0.005,
    0.005,
    0.005,
    0.005,
    0.005,
    0.005,
    0.005,
    0.005,
    0.005,
    0.005,
    0.005,
    0.005,
    0.005,
    0.005,
    0.005,
    0.005,
    0.005,
    0.005,
    0.005,
    0.005,
    0.005,
    0.005,
    0.005,
    0.005,
    0.005,
    0.005,
    0.005,
    0.005,
    0.005,
    0.005,
    0.005,
    0.005,
    0.005
  ],
  "brightness": [
    104.5159121417621,
    102.73281189224566,
    101.53356186668785,
    101.22075645538519,
    98.70533731188566,
    98.47481807627128,
    98.36430535822123,
    98.61680314465099,
    99.80304367443085,
    101.12146728727538,
    102.36976316174407,
    103.17107838553405,
    104.55676165277977,
    106.07033421045972,
    107.6825377740521,
    109.132164136035,
    110.19722584153716,
    109.3979902901871,
    109.50854415227215,
    108.67938230234844,
    110.54172808789806,
    109.51389491264315,
    109.65668718159895,
    108.84803295169199,
    109.14349267464175,
    109.0847889694913,
    108.08367879687894,
    106.53828401640007,
    105.6046653227198,
    104.08531205553354,
    103.51536387982786,
    102.23523280229134,
    102.24446694165384,
    100.49477696927374,
    99.41461612390225,
    98.12005174787862,
    98.21342904010072,
    98.30708598416562,
    100.14732296972433,
    101.91163318473639,
    102.06651249610593,
    104.40298157554614,
    104.6291143185728,
    106.40680890407168,
    107.45252336863071,
    108.00358125622007,
    108.21384344575151,
    108.83864152150325,
    110.26567871727838,
    109.55872427135915,
    109.75095007792379,
    109.25941172967697,
    109.95641912474805,
    109.98829112660104,
    109.2849859068665,
    108.44207184798063,
    108.12915670731226,
    107.28617573786882,
    106.23948165235849,
    104.72188032480192
  ],
  "phase_angle_deg": [
    13.075418029326109,
    13.077662451323294,
    13.079906682116524,
    13.0821507221113,
    13.084394570858393,
    13.086638228763139,
    13.088881695376408,
    13.0911249711036,
    13.093368055495572,
    13.095610948957846,
    13.097853651254706,
    13.100096162151036,
    13.102338482051904,
    13.104580610508778,
    13.106822547926619,
    13.109064293856793,
    13.111305848704555,
    13.113547212234645,
    13.115788384211926,
    13.118029365041563,
    13.120270154275138,
    13.122510752317599,
    13.124751158720652,
    13.12699137388928,
    13.12923139737532,
    13.131471229583726,
    13.133710870279533,
    13.135950319228021,
    13.138189576833957,
    13.140428642649528,
    13.142667517079447,
    13.144906199675887,
    13.147144690843623,
    13.149382990348025,
    13.151621097954552,
    13.153859014067864,
    13.156096738240322,
    13.15833427087679,
    13.16057161152958,
    13.16280876060337,
    13.165045717650825,
    13.167282483076399,
    13.169519056645886,
    13.171755438124825,
    13.173991627917928,
    13.176227625577955,
    13.178463431509316,
    13.180699045265035,
    13.182934467249694,
    13.185169697228948,
    13.187404734968789,
    13.189639580873516,
    13.191874234496506,
    13.194108696242067,
    13.19634296566339,
    13.19857704316482,
    13.200810928299724,
    13.203044621472316,
    13.205278122448886,
    13.207511430995538
  ],
  "r_helio": [
    2.135985267333227,
    2.1359952642199893,
    2.1360052611109515,
    2.13601525800801,
    2.1360252549092538,
    2.1360352518165797,
    2.1360452487280757,
    2.136055245645639,
    2.136065242567359,
    2.1360752394951312,
    2.136085236427997,
    2.136095233364996,
    2.1361052303080257,
    2.136115227255175,
    2.1361252242083397,
    2.1361352211656097,
    2.1361452181288807,
    2.136155215097194,
    2.1361652120695895,
    2.1361752090479644,
    2.136185206030407,
    2.1361952030188145,
    2.1362052000112755,
    2.1362151970096863,
    2.1362251940121353,
    2.1362351910205204,
    2.136245188033881,
    2.136255185051259,
    2.1362651820745495,
    2.136275179101842,
    2.1362851761350337,
    2.1362951731722135,
    2.1363051702152758,
    2.1363151672632634,
    2.1363251643152164,
    2.136335161373031,
    2.1363451584347977,
    2.1363551555024105,
    2.1363651525739598,
    2.136375149651342,
    2.136385146732646,
    2.1363951438197675,
    2.136405140911748,
    2.1364151380076275,
    2.136425135109304,
    2.1364351322148654,
    2.1364451293262077,
    2.13645512644142,
    2.1364651235623993,
    2.136475120688187,
    2.136485117817822,
    2.136495114953202,
    2.1365051120924163,
    2.13651510923736,
    2.1365251063861233,
    2.1365351035406017,
    2.1365451006988847,
    2.136555097862868,
    2.1365650950315938,
    2.136575092204102
  ],