{
  "jd": [
    2452110.37489347,
    2452110.379783748,
    2452110.3846740257,
    2452110.3895643037,
    2452110.394454581,
    2452110.399344859,
    2452110.4042351367,
    2452110.4091254147,
    2452110.414015692,
    2452110.41890597,
    2452110.423796248,
    2452110.4286865257,
    2452110.4335768037,
    2452110.438467081,
    2452110.443357359,
    2452110.4482476367,
    2452110.4531379147,
    2452110.4580281926,
    2452110.46291847,
    2452110.467808748,
    2452110.4726990256,
    2452110.4775893036,
    2452110.482479581,
    2452110.487369859,
    2452110.4922601366,
    2452110.4971504146,
    2452110.5020406926,
    2452110.50693097,
    2452110.511821248,
    2452110.5167115256,
    2452110.5216018036,
    2452110.526492081,
    2452110.531382359,
    2452110.536272637,
    2452110.5411629146,
    2452110.5460531926,
    2452110.55094347,
    2452110.555833748,
    2452110.5607240256,
    2452110.5656143036,
    2452110.570504581,
    2452110.575394859,
    2452110.580285137,
    2452110.5851754146,
    2452110.5900656926,
    2452110.59495597,
    2452110.599846248,
    2452110.6047365256,
    2452110.6096268035,
    2452110.6145170815,
    2452110.619407359,
    2452110.624297637,
    2452110.6291879145,
    2452110.6340781925,
    2452110.63896847,
    2452110.643858748,
    2452110.6487490255,
    2452110.6536393035,
    2452110.6585295815,
    2452110.663419859
  ],
  "mag": [
    0.05389695220077151,
    0.03843907974589289,
    0.022755871525944826,
    0.027636609383733024,
    0.006101456384970838,
    -0.013418164972560653,
    -0.02861624929622053,
    -0.03407466247912527,
    -0.04109429541850407,
    -0.06875873763644869,
    -0.06295811957997,
    -0.05534051265461226,
    -0.06399690942820335,
    -0.06049935713666876,
    -0.04849663593410014,
    -0.04777267963691312,
    -0.027461391711850247,
    -0.046122235320535054,
    -0.024664698979996125,
    -0.010472865552177524,
    0.008058282503465186,
    0.013117368315923805,
    0.025281264223711908,
    0.05096406874890924,
    0.056203316041000484,
    0.06400993755615847,
    0.061905343987262995,
    0.06101109725292453,
    0.07151606998246862,
    0.057999275434437614,
    0.050797425023153764,
    0.046041850052100486,
    0.032992510891061144,
    0.013866529074115341,
    -0.006675808691752216,
    -0.011712441960835207,
    -0.025449027239025312,
    -0.02944679451082788,
    -0.048559501068560884,
    -0.0676911374612077,
    -0.06139832351633068,
    -0.05121302504249936,
    -0.059052195015636855,
    -0.05833945072148339,
    -0.053740628736941964,
    -0.050039426708088364,
    -0.033355255699405895,
    -0.04471572437318283,
    -0.024903140137168656,
    -0.012627988924509559,
    0.0013077056236694418,
    0.028392372427624935,
    0.026655362252072656,
    0.05171395961717007,
    0.0583307836048208,
    0.06919023882258557,
    0.05596072986362177,
    0.06891977776185776,
    0.06891998920177578,
    0.08068215804216461
  ],
  "mag_err": [
    0.005,
    0.005,
    0.005,
    0.005,
    0.005,
    0.005,
    0.005,
    0.005,
    0.005,
    0.005,
    0.005,
    0.005,
    0.005,
    0.005,
    0.005,
    0.005,
    0.005,
    0.005,
    0.005,
    0.005,
    0.005,
    0.005,
    0.005,
    0.005,
    0.005,
    0.005,
    0.005,
    0.005,
    0.005,
    0.005,
    0.005,
    0.005,
    0.005,
    0.005,
    0.005,
    0.005,
    0.005,
    0.005,
    0.005,
    0.005,
    0.005,
    0.005,
    0.005,
    0.005,
    0.005,
    0.005,
    0.005,
    0.005,
    0.005,
    0.005,
    0.005,
    0.005,
    0.005,
    0.005,
    0.005,
    0.005,
    0.005,
    0.005,
    0.005,
    0.005
  ],
  "brightness": [
    93.94662094138636,
    95.2937270518359,
    96.68021250971863,
    96.24657885883836,
    98.17465016937186,
    99.95561853108336,
    101.36463121718053,
    101.87551330009465,
    102.53630499533885,
    105.18248813430245,
    104.62204212242361,
    103.89057501570323,
    104.72218829227558,
    104.38538270889875,
    103.23776628863466,
    103.16895148954909,
    101.25687071551529,
    103.01224191691848,
    100.99638391771111,
    99.68483427116716,
    97.99786901218503,
    97.54230130282723,
    96.45559830588327,
    94.2007406554451,
    93.74726762106125,
    93.07562687719118,
    93.25621986184953,
    93.33306027863969,
    92.4343766817188,
    93.59232472496664,
    94.21520012274648,
    94.62877214339417,
    95.77296672193265,
    97.47502008022865,
    99.33682350321999,
    99.79870864773052,
    101.06936935970461,
    101.4422008122994,
    103.24374402422498,
    105.07911343628056,
    104.4718473659846,
    103.49637887098142,
    104.24634162199625,
    104.17793034280149,
    103.73760004969381,
    103.38456759054134,
    101.8080331340014,
    102.87888167824725,
    101.01856641384529,
    99.88289939236462,
    98.60906995364948,
    96.17960651644322,
    96.33360217839193,
    94.13570102079879,
    93.56375251378515,
    92.6325990364229,
    93.7682159250619,
    92.65567704709026,
    92.65565900301405,
    91.65730462106987
  ],
  "phase_angle_deg": [
    23.147727887209513,
    23.14814592718942,
    23.14856383427807,
    23.148981608564615,
    23.149399249978934,
    23.149816758610108,
    23.15023413438816,
    23.15065137740206,
    23.151068487581927,
    23.151485465016627,
    23.151902309676025,
    23.152319021529983,
    23.152735600667302,
    23.153152047018214,
    23.153568360671553,
    23.153984541557485,
    23.15440058976487,
    23.154816505263607,
    23.155232288023516,
    23.15564793813338,
    23.156063455523537,
    23.156478840282666,
    23.156894092341187,
    23.157309211787645,
    23.157724198552497,
    23.15813905272435,
    23.15855377427318,
    23.158968363168995,
    23.159382819500333,
    23.159797143197714,
    23.16021133434962,
    23.160625392886637,
    23.161039318897167,
    23.161453112351307,
    23.161866773219167,
    23.162280301589036,
    23.16269369739173,
    23.163106960715503,
    23.16352009149098,
    23.16393308980664,
    23.16434595559314,
    23.164758688938736,
    23.165171289813554,
    23.165583758187875,
    23.165996094149776,
    23.166408297630205,
    23.16682036871726,
    23.167232307341955,
    23.16764411359216,
    23.168055787438263,
    23.16846732885057,
    23.168878737917055,
    23.16929001456876,
    23.169701158893556,
    23.17011217082268,
    23.170523050443933,
    23.170933797688612,
    23.17134441264439,
    23.17175489528167,
    23.172165245570973
  ],
  "r_helio": [
    2.4920003581560284,
    2.491994421584424,
    2.4919884848538354,
    2.491982547963135,
    2.491976610913453,
    2.491970673703661,
    2.491964736334891,
    2.4919587988060146,
    2.4919528611181643,
    2.491946923270209,
    2.4919409852627172,
    2.491935047096256,
    2.491929108769695,
    2.491923170284168,
    2.491917231638545,
    2.491911292833958,
    2.4919053538692784,
    2.4918994147450735,
    2.491893475461909,
    2.4918875360186576,
    2.49188159641645,
    2.491875656654157,
    2.491869716732912,
    2.4918637766515856,
    2.49185783641131,
    2.4918518960109552,
    2.4918459554510886,
    2.4918400147322775,
    2.491834073853393,
    2.4918281328155665,
    2.49182219161767,
    2.491816250260836,
    2.4918103087439323,
    2.4918043670675285,
    2.4917984252321923,
    2.491792483236793,
    2.491786541082463,
    2.4917805987680737,
    2.4917746562947567,
    2.491768713661382,
    2.491762770869085,
    2.491756827916735,
    2.491750884804897,
    2.491744941534141,
    2.4917389981033358,
    2.4917330545136145,
    2.4917271107638466,
    2.491721166855167,
    2.491715222786445,
    2.4917092785582473,
    2.4917033341711416,
    2.491697389623998,
    2.491691444917949,
    2.4916855000518656,
    2.4916795550268813,
    2.4916736098418646,
    2.49166766449795,
    2.4916617189940062,
    2.491655773330601,
    2.491649827508304
  ],