{
  "jd": [
    2452103.831665342,
    2452103.8400903423,
    2452103.848515342,
    2452103.856940342,
    2452103.8653653422,
    2452103.8737903424,
    2452103.882215342,
    2452103.890640342,
    2452103.8990653423,
    2452103.9074903424,
    2452103.915915342,
    2452103.924340342,
    2452103.9327653423,
    2452103.9411903424,
    2452103.949615342,
    2452103.958040342,
    2452103.9664653423,
    2452103.974890342,
    2452103.983315342,
    2452103.991740342,
    2452104.0001653424,
    2452104.008590342,
    2452104.017015342,
    2452104.0254403423,
    2452104.0338653424,
    2452104.042290342,
    2452104.050715342,
    2452104.0591403423,
    2452104.0675653424,
    2452104.075990342,
    2452104.084415342,
    2452104.0928403423,
    2452104.1012653424,
    2452104.109690342,
    2452104.118115342,
    2452104.1265403423,
    2452104.134965342,
    2452104.143390342,
    2452104.1518153423,
    2452104.1602403424,
    2452104.168665342,
    2452104.177090342,
    2452104.1855153423,
    2452104.1939403424,
    2452104.202365342,
    2452104.210790342,
    2452104.2192153423,
    2452104.2276403424,
    2452104.236065342,
    2452104.244490342,
    2452104.2529153423,
    2452104.261340342,
    2452104.269765342,
    2452104.2781903422,
    2452104.2866153424,
    2452104.295040342,
    2452104.303465342,
    2452104.3118903423,
    2452104.3203153424,
    2452104.328740342
  ],
  "mag": [
    0.41781386990540637,
    0.42066090995841177,
    0.4181316183289052,
    0.3560852207237486,
    0.29000912647501464,
    0.19866963672458016,
    0.08885343948139712,
    -0.009259408632474653,
    -0.1065732448486556,
    -0.19547283764785295,
    -0.24692217074005574,
    -0.30163009839063215,
    -0.3276364893043129,
    -0.3331944973305341,
    -0.33730726617540796,
    -0.33133768279997233,
    -0.3202441166533192,
    -0.2885162847594369,
    -0.2663615748631427,
    -0.2180710350488495,
    -0.17810985421194592,
    -0.11765294188849174,
    -0.05881492523259957,
    -0.013047525868952192,
    0.06443534768927628,
    0.14010839963656063,
    0.20802588945952483,
    0.28372912943972195,
    0.34723651396758815,
    0.425016731962528,
    0.4195436497278129,
    0.4235378451035541,
    0.43605785510074035,
    0.3722969688057802,
    0.29620246199741573,
    0.19463671493560142,
    0.09132659566145107,
    -0.011034672174181859,
    -0.11616390539693122,
    -0.2066680736977522,
    -0.25314128926787927,
    -0.30575745562485857,
    -0.32331780248511,
    -0.329644651109108,
    -0.335568202534702,
    -0.3298853106562798,
    -0.32181673061419924,
    -0.28321936739713127,
    -0.26744905681042996,
    -0.22369524033108745,
    -0.1789019022140541,
    -0.11355784918800715,
    -0.06795415963285256,
    -0.010257433853414266,
    0.05703298459250017,
    0.13628034993823168,
    0.19661258022003847,
    0.2846801034216675,
    0.3560925046337742,
    0.40510860949338245
  ],
  "mag_err": [
    0.005,
    0.005,
    0.005,
    0.005,
    0.005,
    0.005,
    0.005,
    0.005,
    0.005,
    0.005,
    0.005,
    0.005,
    0.005,
    0.005,
    0.005,
    0.005,
    0.005,
    0.005,
    0.005,
    0.005,
    0.005,
    0.005,
    0.005,
    0.005,
    0.005,
    0.005,
    0.005,
    0.005,
    0.005,
    0.005,
    0.005,
    0.005,
    0.005,
    0.005,
    0.005,
    0.005,
    0.005,
    0.005,
    0.005,
    0.005,
    0.005,
    0.005,
    0.005,
    0.005,
    0.005,
    0.005,
    0.005,
    0.005,
    0.005,
    0.005,
    0.005,
    0.005,
    0.005,
    0.005,
    0.005,
    0.005,
    0.005,
    0.005,
    0.005,
    0.005
  ],
  "brightness": [
    0.16162096568161782,
    0.16119771499554691,
    0.1615736730769475,
    0.17107602746730896,
    0.18181076521882372,
    0.19776771266112594,
    0.21881740810636796,
    0.23951185191734523,
    0.2619705930401469,
    0.28432325366627476,
    0.2981206871594954,
    0.31352724382732594,
    0.32112775341586053,
    0.32277585799657216,
    0.3240008516500202,
    0.32222432190101813,
    0.31894874083850905,
    0.3097631551254044,
    0.30350641525281374,
    0.29030309054241654,
    0.2798125484873176,
    0.2646576318084405,
    0.25069704528398434,
    0.24034896464250766,
    0.22379434395133088,
    0.208727602849137,
    0.19607078586166968,
    0.18286542241005052,
    0.1724759873260504,
    0.16055230778559546,
    0.16136367841437865,
    0.16077114591478553,
    0.15892788477541775,
    0.16854056977349968,
    0.180776619341675,
    0.1985036785815826,
    0.21831953971447052,
    0.2399037928520489,
    0.2642949150096403,
    0.2872701325486354,
    0.29983322842467236,
    0.3147213659863908,
    0.3198529542190156,
    0.3217222562342756,
    0.32348230296089997,
    0.3217935756889441,
    0.31941105080869303,
    0.30825561221043957,
    0.3038105619649234,
    0.2918107867065995,
    0.2800167471008872,
    0.26366129751623213,
    0.2528162057363258,
    0.2397321160714102,
    0.2253253485107982,
    0.20946482600506783,
    0.19814276231433797,
    0.18270532447599427,
    0.17107487976844224,
    0.16352335972888637
  ],
  "phase_angle_deg": [
    53.94538453471644,
    53.936101093462,
    53.92681691346301,
    53.917531993578606,
    53.908246334208116,
    53.898959935237485,
    53.88967279706555,
    53.880384918552316,
    53.871096300097236,
    53.86180694158715,
    53.85251684342193,
    53.843226004462046,
    53.83393442510745,
    53.824642105246305,
    53.815349045279085,
    53.80605524406649,
    53.796760702009905,
    53.78746541951105,
    53.778169395430915,
    53.76887263017164,
    53.759575123621524,
    53.75027687618365,
    53.7409778867187,
    53.73167815562981,
    53.72237768280693,
    53.71307646865281,
    53.703774512029625,
    53.694471813341046,
    53.68516837247721,
    53.675864189842514,
    53.666559264299,
    53.657253596251365,
    53.64794718559099,
    53.63864003272248,
    53.62933213650885,
    53.62002349735538,
    53.610714115668316,
    53.601403990310715,
    53.59209312168881,
    53.582781509693625,
    53.57346915473414,
    53.564156055672065,
    53.55484221291535,
    53.545527626356034,
    53.53621229640326,
    53.526896221919266,
    53.51757940331348,
    53.50826184047868,
    53.49894353382423,
    53.48962448221295,
    53.48030468605568,
    53.470984145761065,
    53.46166286019285,
    53.45234082976173,
    53.44301805436236,
    53.43369453440492,
    53.42437026875454,
    53.415045257821575,
    53.40571950150179,
    53.39639300020662
  ],
  "r_helio": [
    1.1093385391936421,
    1.109372856825086,
    1.109407176159576,
    1.1094414972002207,
    1.1094758199444366,
    1.109510144391538,
    1.1095444705389412,
    1.109578798389755,
    1.109613127941397,
    1.1096474591931806,
    1.1096817921425237,
    1.1097161267925357,
    1.1097504631406327,
    1.109784801186131,
    1.109819140926446,
    1.1098534823646893,
    1.1098878254982778,
    1.1099221703246278,
    1.1099565168468513,
    1.109990865062365,
    1.1100252149704848,
    1.1100595665686266,
    1.1100939198599034,
    1.110128274841733,
    1.1101626315134292,
    1.1101969898724102,
    1.110231349921789,
    1.1102657116589827,
    1.1103000750833079,
    1.11033444019218,
    1.1103688069887145,
    1.1104031754703283,
    1.110437545636338,
    1.1104719174841593,
    1.1105062910169092,
    1.1105406662320039,
    1.1105750431268597,
    1.1106094217045939,
    1.110643801962623,
    1.110678183900264,
    1.1107125675149334,
    1.1107469528097489,
    1.1107813397821276,
    1.110815728431387,
    1.1108501187549418,
    1.1108845107559133,
    1.1109189044317163,
    1.1109532997816696,
    1.1109876968031887,
    1.1110220954993948,
    1.1110564958677036,
    1.1110908979055316,
    1.1111253016159996,
    1.1111597069965249,
    1.1111941140464248,
    1.1112285227631167,
    1.1112629331497206,
    1.1112973452036556,
    1.1113317589242382,
    1.1113661743088856
  ],