{
  "jd": [
    2451817.956970942,
    2451817.9653959423,
    2451817.973820942,
    2451817.982245942,
    2451817.9906709422,
    2451817.9990959424,
    2451818.007520942,
    2451818.015945942,
    2451818.0243709423,
    2451818.0327959424,
    2451818.041220942,
    2451818.049645942,
    2451818.0580709423,
    2451818.0664959424,
    2451818.074920942,
    2451818.083345942,
    2451818.0917709423,
    2451818.100195942,
    2451818.108620942,
    2451818.117045942,
    2451818.1254709424,
    2451818.133895942,
    2451818.142320942,
    2451818.1507459423,
    2451818.1591709424,
    2451818.167595942,
    2451818.176020942,
    2451818.1844459423,
    2451818.1928709424,
    2451818.201295942,
    2451818.209720942,
    2451818.2181459423,
    2451818.2265709424,
    2451818.234995942,
    2451818.243420942,
    2451818.2518459423,
    2451818.260270942,
    2451818.268695942,
    2451818.2771209422,
    2451818.2855459424,
    2451818.293970942,
    2451818.302395942,
    2451818.3108209423,
    2451818.3192459424,
    2451818.327670942,
    2451818.336095942,
    2451818.3445209423,
    2451818.3529459424,
    2451818.361370942,
    2451818.369795942,
    2451818.3782209423,
    2451818.386645942,
    2451818.395070942,
    2451818.4034959422,
    2451818.4119209424,
    2451818.420345942,
    2451818.428770942,
    2451818.4371959423,
    2451818.4456209424,
    2451818.454045942
  ],
  "mag": [
    -0.11481566687267253,
    -0.1776851182787922,
    -0.20494801790360806,
    -0.23064730996699678,
    -0.23714431023782057,
    -0.2730546736393895,
    -0.24518209107601896,
    -0.2310194243472392,
    -0.21650363702841657,
    -0.210845619559624,
    -0.17588502273264228,
    -0.14560278883809752,
    -0.12763302718253522,
    -0.083669665437758,
    -0.05687304516702363,
    -0.014269474678611394,
    0.022362232320641384,
    0.07112266871086259,
    0.13517802420881342,
    0.18168697105614506,
    0.2543193567415529,
    0.2840994615367616,
    0.3550233271755616,
    0.3544865617995112,
    0.3398756442856512,
    0.30461358529559623,
    0.23689674816222617,
    0.15184901235088244,
    0.061825041748508,
    -0.021624692130641998,
    -0.10408463583424865,
    -0.1768252287673937,
    -0.20496989620664952,
    -0.2397567859814893,
    -0.2439038986422939,
    -0.26118225931496086,
    -0.23780212193214467,
    -0.23417359006366012,
    -0.22026246991921705,
    -0.20041425927731438,
    -0.18273210389593975,
    -0.15226695141092894,
    -0.13808732270935975,
    -0.09656357737434029,
    -0.05383507533256937,
    -0.009490799281846707,
    0.030851732960660128,
    0.08441060924440213,
    0.13183009831872283,
    0.17590797745679332,
    0.2428609827721706,
    0.29124807248521445,
    0.3692712689875881,
    0.34405767326623904,
    0.3499218331309646,
    0.3038230205046204,
    0.2471969801634577,
    0.14201262593331632,
    0.07040215652080928,
    -0.013379106115448458
  ],
  "mag_err": [
    0.005,
    0.005,
    0.005,
    0.005,
    0.005,
    0.005,
    0.005,
    0.005,
    0.005,
    0.005,
    0.005,
    0.005,
    0.005,
    0.005,
    0.005,
    0.005,
    0.005,
    0.005,
    0.005,
    0.005,
    0.005,
    0.005,
    0.005,
    0.005,
    0.005,
    0.005,
    0.005,
    0.005,
    0.005,
    0.005,
    0.005,
    0.005,
    0.005,
    0.005,
    0.005,
    0.005,
    0.005,
    0.005,
    0.005,
    0.005,
    0.005,
    0.005,
    0.005,
    0.005,
    0.005,
    0.005,
    0.005,
    0.005,
    0.005,
    0.005,
    0.005,
    0.005,
    0.005,
    0.005,
    0.005,
    0.005,
    0.005,
    0.005,
    0.005,
    0.005
  ],
  "brightness": [
    0.3068526516078387,
    0.325145435091495,
    0.33341322391127204,
    0.3413992303804868,
    0.34344827374998793,
    0.35499765414932666,
    0.3460002799557466,
    0.3415162581954331,
    0.3369807314009768,
    0.33522921616088547,
    0.32460680708765655,
    0.3156783001126766,
    0.31049658263031465,
    0.2981751730220967,
    0.2909061025300288,
    0.27971219648645007,
    0.2704323990250493,
    0.2585559558827701,
    0.24374314139326902,
    0.23352255051512866,
    0.21841168585656615,
    0.2125023950152332,
    0.19906471336663054,
    0.1991631511474466,
    0.2018614349013713,
    0.2085250238986413,
    0.2219447694429703,
    0.2400291619524653,
    0.2607795893210811,
    0.2816135132376083,
    0.30383476739596266,
    0.32488802591442667,
    0.3334199424760707,
    0.3442756668305491,
    0.3455931877764038,
    0.35113693785693195,
    0.3436564207600382,
    0.34250983754439424,
    0.33814938486432616,
    0.33202387776855014,
    0.32666037426687544,
    0.31762186706892065,
    0.31350072018355724,
    0.301737331148405,
    0.2900932635601669,
    0.2784837981203161,
    0.2683261013301116,
    0.2554108662682419,
    0.2444958964423227,
    0.23476882306714195,
    0.22072891100743616,
    0.2111078509770263,
    0.19646948473667641,
    0.2010854023530313,
    0.2000022495657536,
    0.20867691399257296,
    0.2198491656127762,
    0.24221362163119625,
    0.25872759476182844,
    0.2794829097991191
  ],
  "phase_angle_deg": [
    36.567633400603576,
    36.56855363267788,
    36.569473743654434,
    36.5703937336186,
    36.571313602503224,
    36.5722333502919,
    36.57315297691753,
    36.57407248246542,
    36.57499186686829,
    36.57591113010992,
    36.57683027212313,
    36.57774929299307,
    36.57866819265271,
    36.579586971085604,
    36.580505628224635,
    36.58142416415501,
    36.582342578809566,
    36.58326087212118,
    36.58417904417499,
    36.58509709490389,
    36.586015024291434,
    36.58693283227059,
    36.587850518926416,
    36.588768084191756,
    36.58968552805028,
    36.59060285043484,
    36.591520051430514,
    36.592437130970154,
    36.59335408903735,
    36.59427092556509,
    36.595187640638315,
    36.59610423418985,
    36.59702070620339,
    36.59793705661185,
    36.59885328550012,
    36.599769392801086,
    36.60068537844777,
    36.60160124252502,
    36.60251698496571,
    36.60343260575344,
    36.60434810482123,
    36.60526348225383,
    36.6061787379842,
    36.60709387199589,
    36.608008884221924,
    36.60892377474698,
    36.60983854350407,
    36.61075319047672,
    36.61166771559796,
    36.61258211895247,
    36.61349640047316,
    36.614410560093155,
    36.61532459789697,
    36.61623851381767,
    36.61715230783876,
    36.6180659798933,
    36.61897953006582,
    36.61989295828933,
    36.620806264547404,
    36.62171944877305
  ],
  "r_helio": [
    1.6487106380995398,
    1.648696971991429,
    1.6486833038757693,
    1.6486696337510638,
    1.6486559616180818,
    1.6486422874768378,
    1.6486286113281017,
    1.6486149331703754,
    1.6486012530044294,
    1.6485875708302782,
    1.6485738866486914,
    1.648560200458171,
    1.6485465122594876,
    1.6485328220526545,
    1.6485191298384436,
    1.6485054356153555,
    1.6484917393841605,
    1.6484780411456301,
    1.6484643408982642,
    1.6484506386428341,
    1.6484369343793548,
    1.6484232281085969,
    1.6484095198290591,
    1.6483958095415148,
    1.6483820972459773,
    1.6483683829432187,
    1.648354666631737,
    1.6483409483123046,
    1.648327227984936,
    1.6483135056504037,
    1.6482997813072047,
    1.648286054956113,
    1.64827232659714,
    1.6482585962310614,
    1.648244863856373,
    1.6482311294738476,
    1.6482173930842585,
    1.6482036546861019,
    1.6481899142801513,
    1.6481761718664207,
    1.6481624274456839,
    1.6481486810164363,
    1.6481349325794514,
    1.6481211821347428,
    1.6481074296830869,
    1.6480936752229756,
    1.6480799187551847,
    1.6480661602797275,
    1.6480523997973797,
    1.6480386373066338,
    1.6480248728082647,
    1.6480111063030483,
    1.6479973377894765,
    1.6479835672683243,
    1.6479697947396055,
    1.6479560202040975,
    1.6479422436602909,
    1.6479284651089607,
    1.6479146845501227,
    1.6479009019845514
  ],