{
  "jd": [
    2452110.37489347,
    2452110.3833184703,
    2452110.39174347,
    2452110.40016847,
    2452110.40859347,
    2452110.4170184704,
    2452110.42544347,
    2452110.43386847,
    2452110.4422934703,
    2452110.4507184704,
    2452110.45914347,
    2452110.46756847,
    2452110.4759934703,
    2452110.4844184704,
    2452110.49284347,
    2452110.50126847,
    2452110.5096934703,
    2452110.51811847,
    2452110.52654347,
    2452110.53496847,
    2452110.5433934703,
    2452110.55181847,
    2452110.56024347,
    2452110.5686684703,
    2452110.5770934704,
    2452110.58551847,
    2452110.59394347,
    2452110.6023684703,
    2452110.6107934704,
    2452110.61921847,
    2452110.62764347,
    2452110.6360684703,
    2452110.6444934704,
    2452110.65291847,
    2452110.66134347,
    2452110.6697684703,
    2452110.67819347,
    2452110.68661847,
    2452110.6950434702,
    2452110.7034684704,
    2452110.71189347,
    2452110.72031847,
    2452110.7287434703,
    2452110.7371684704,
    2452110.74559347,
    2452110.75401847,
    2452110.7624434703,
    2452110.7708684704,
    2452110.77929347,
    2452110.78771847,
    2452110.7961434703,
    2452110.80456847,
    2452110.81299347,
    2452110.8214184702,
    2452110.8298434704,
    2452110.83826847,
    2452110.84669347,
    2452110.8551184703,
    2452110.8635434704,
    2452110.87196847
  ],
  "mag": [
    0.22039579024406808,
    0.25139863480904623,
    0.33129881141415973,
    0.39779142726513483,
    0.39498247049918445,
    0.39924422294199213,
    0.3613692227031653,
    0.299581741638141,
    0.24134528073115424,
    0.1321621520552907,
    0.02008921419470866,
    -0.07301003802467876,
    -0.15235434724329,
    -0.1995997341621749,
    -0.2350037917478245,
    -0.2721519883928609,
    -0.28641755011613723,
    -0.3019419222648767,
    -0.2884664771480627,
    -0.28129372184807955,
    -0.2570881752360461,
    -0.2438392165252401,
    -0.20914136504495628,
    -0.17115213311303745,
    -0.13167336272758678,
    -0.08062997717216991,
    -0.043074272140491976,
    0.009662611516272346,
    0.08322435120131244,
    0.1199154842098058,
    0.21280861527479789,
    0.2566140578982061,
    0.34098798133136654,
    0.36610167641323743,
    0.3731047729383259,
    0.39257284373008994,
    0.3559763454165812,
    0.30464264325021895,
    0.21864500502151807,
    0.1328634058079703,
    0.02165743414068677,
    -0.06231858995556383,
    -0.14735890860970402,
    -0.20155820802704927,
    -0.24673870008975185,
    -0.27767412854569695,
    -0.2908557850551732,
    -0.30086248149608363,
    -0.28902428759849186,
    -0.2835965679668755,
    -0.2632543793999491,
    -0.2325037145520823,
    -0.20931986878467024,
    -0.17229385996989177,
    -0.13174705208945525,
    -0.07844033873364986,
    -0.05584212517484577,
    0.014249688144909234,
    0.07703852772906061,
    0.14050265643605675
  ],
  "mag_err": [
    0.005,
    0.005,
    0.005,
    0.005,
    0.005,
    0.005,
    0.005,
    0.005,
    0.005,
    0.005,
    0.005,
    0.005,
    0.005,
    0.005,
    0.005,
    0.005,
    0.005,
    0.005,
    0.005,
    0.005,
    0.005,
    0.005,
    0.005,
    0.005,
    0.005,
    0.005,
    0.005,
    0.005,
    0.005,
    0.005,
    0.005,
    0.005,
    0.005,
    0.005,
    0.005,
    0.005,
    0.005,
    0.005,
    0.005,
    0.005,
    0.005,
    0.005,
    0.005,
    0.005,
    0.005,
    0.005,
    0.005,
    0.005,
    0.005,
    0.005,
    0.005,
    0.005,
    0.005,
    0.005,
    0.005,
    0.005,
    0.005,
    0.005,
    0.005,
    0.005
  ],
  "brightness": [
    0.20571726358216832,
    0.19992614914108747,
    0.1857417488400543,
    0.17470787605007568,
    0.17516045581370093,
    0.1744742602692958,
    0.18066805360476348,
    0.1912477604656961,
    0.20178595872721522,
    0.2231332001328451,
    0.247396396302399,
    0.26954611090852787,
    0.28998183501882346,
    0.3028788506163204,
    0.3129180185592306,
    0.3238096969785406,
    0.32809232785413667,
    0.33281724692238185,
    0.3287120658123967,
    0.3265476356395728,
    0.31934809143351456,
    0.3154748492379524,
    0.30555233076809746,
    0.29504612019453724,
    0.2845105662202154,
    0.2714444995745398,
    0.2622157437644927,
    0.24978365158469557,
    0.23342067165818386,
    0.22566430097884999,
    0.20715985995860145,
    0.19896809035233998,
    0.18409155337389754,
    0.17988228029425915,
    0.17872575719803035,
    0.1755496295648135,
    0.18156766843429198,
    0.19035837885512408,
    0.20604925701668408,
    0.2229891297105315,
    0.24703931885931518,
    0.2669048655553417,
    0.28865070218047156,
    0.3034256829204813,
    0.31631845803255415,
    0.32546081398746896,
    0.3294362372561908,
    0.3324865238832413,
    0.328880989105406,
    0.3272409780926608,
    0.3211669198452898,
    0.3121983048905004,
    0.30560257015158443,
    0.29535654482343837,
    0.2845298767244236,
    0.2708976205327817,
    0.26531750519837527,
    0.24873057830521397,
    0.23475434745157325,
    0.22142568266241547
  ],
  "phase_angle_deg": [
    46.506927787250376,
    46.497051880194924,
    46.48717521083347,
    46.47729777814197,
    46.46741958273571,
    46.45754062468181,
    46.447660904597036,
    46.437780421458015,
    46.42789917588029,
    46.41801716793316,
    46.40813439823469,
    46.39825086576183,
    46.388366571131094,
    46.37848151441471,
    46.36859569623035,
    46.35870911555588,
    46.34882177301087,
    46.338933669213255,
    46.329044803143034,
    46.319155175418885,
    46.309264786114674,
    46.29937363585062,
    46.28948172360597,
    46.2795890500026,
    46.26969561511458,
    46.259801419562535,
    46.24990646232891,
    46.240010744034684,
    46.23011426475584,
    46.22021702511517,
    46.210319024094446,
    46.20042026231753,
    46.190520739860425,
    46.180620457347544,
    46.170719413762185,
    46.1608176097286,
    46.150915045871855,
    46.1410117211756,
    46.13110763626568,
    46.12120279122115,
    46.11129718666772,
    46.10139082159008,
    46.09148369661513,
    46.08157581182362,
    46.071667167842236,
    46.061757763656914,
    46.05184759989562,
    46.041936676640105,
    46.03202499451908,
    46.02211255251859,
    46.01219935126822,
    46.00228539139898,
    45.992370671896595,
    45.98245519339297,
    45.97253895597001,
    45.96262196026025,
    45.95270420525079,
    45.94278569157371,
    45.93286641931375,
    45.92294638910374
  ],
  "r_helio": [
    1.136452571462121,
    1.1364880131794,
    1.136523456092529,
    1.136558900204806,
    1.1365943455136531,
    1.1366297920184525,
    1.1366652397166253,
    1.136700688611471,
    1.136736138700412,
    1.1367715899828292,
    1.1368070424561445,
    1.1368424961236592,
    1.1368779509827946,
    1.1369134070329334,
    1.1369488642714969,
    1.136984322701786,
    1.1370197823212242,
    1.1370552431272327,
    1.137090705123114,
    1.1371261683062903,
    1.1371616326761438,
    1.137197098230097,
    1.1372325649714519,
    1.1372680328976326,
    1.1373035020080207,
    1.1373389723000373,
    1.1373744437769886,
    1.137409916436296,
    1.1374453902773423,
    1.13748086529755,
    1.1375163415002236,
    1.1375518188827867,
    1.1375872974446213,
    1.1376227771831509,
    1.1376582581016805,
    1.1376937401976326,
    1.1377292234684309,
    1.1377647079173803,
    1.1378001935419038,
    1.1378356803413858,
    1.1378711683132485,
    1.1379066574607999,
    1.1379421477814615,
    1.137977639274619,
    1.1380131319376938,
    1.1380486257739948,
    1.1380841207809445,
    1.1381196169579277,
    1.1381551143023674,
    1.1381906128175725,
    1.1382261125009654,
    1.1382616133499694,
    1.138297115367894,
    1.1383326185521623,
    1.1383681229021594,
    1.1384036284153087,
    1.1384391350949203,
    1.1384746429384167,
    1.1385101519451848,
    1.1385456621126469
  ],