{
  "jd": [
    2451726.046800736,
    2451726.055225736,
    2451726.0636507357,
    2451726.072075736,
    2451726.080500736,
    2451726.088925736,
    2451726.0973507357,
    2451726.105775736,
    2451726.114200736,
    2451726.122625736,
    2451726.1310507357,
    2451726.139475736,
    2451726.147900736,
    2451726.156325736,
    2451726.1647507357,
    2451726.173175736,
    2451726.181600736,
    2451726.1900257356,
    2451726.198450736,
    2451726.206875736,
    2451726.215300736,
    2451726.2237257357,
    2451726.232150736,
    2451726.240575736,
    2451726.249000736,
    2451726.2574257357,
    2451726.265850736,
    2451726.274275736,
    2451726.282700736,
    2451726.2911257357,
    2451726.299550736,
    2451726.307975736,
    2451726.316400736,
    2451726.3248257358,
    2451726.333250736,
    2451726.341675736,
    2451726.3501007357,
    2451726.358525736,
    2451726.366950736,
    2451726.375375736,
    2451726.3838007357,
    2451726.392225736,
    2451726.400650736,
    2451726.409075736,
    2451726.4175007357,
    2451726.425925736,
    2451726.434350736,
    2451726.442775736,
    2451726.4512007358,
    2451726.459625736,
    2451726.468050736,
    2451726.4764757357,
    2451726.484900736,
    2451726.493325736,
    2451726.501750736,
    2451726.5101757357,
    2451726.518600736,
    2451726.527025736,
    2451726.535450736,
    2451726.5438757357
  ],
  "mag": [
    0.09557882248053895,
    0.12900857080160244,
    0.13240964541228029,
    0.17853506579702505,
    0.2176480425999101,
    0.23283720656983764,
    0.21992823023974384,
    0.17852930777680287,
    0.15295104439528018,
    0.06961655229845087,
    0.02243350084533091,
    -0.03284654143822596,
    -0.07640710227760095,
    -0.11529690132114667,
    -0.12776443662792802,
    -0.14146423519807616,
    -0.16603535495333754,
    -0.14728902329875804,
    -0.14156271898746797,
    -0.14067427610184446,
    -0.13669558810782712,
    -0.12350378900823067,
    -0.10320625086083757,
    -0.09823314805094818,
    -0.07179947253534835,
    -0.054642167419634236,
    -0.034721166048406804,
    -0.006676419672469569,
    0.014714966716168787,
    0.04582999387470976,
    0.08422853287351129,
    0.12532577058814076,
    0.14892681954823317,
    0.19274496493112925,
    0.20591534606012774,
    0.23053529986180665,
    0.2315304231862907,
    0.18506306459383404,
    0.14643553403719411,
    0.09051634111980955,
    0.02722307934589696,
    -0.027188490695035705,
    -0.08050425005487227,
    -0.10951560132593685,
    -0.13553859702705506,
    -0.14288252484829056,
    -0.16730312441412787,
    -0.15444533142947248,
    -0.13303446705172228,
    -0.13840570413035125,
    -0.13370275460837489,
    -0.12524787228919276,
    -0.10059783015587476,
    -0.09019065549674798,
    -0.0745225957083997,
    -0.06836900820314051,
    -0.02598686470192746,
    -0.013030773175950028,
    0.02700968734565068,
    0.053809223925248784
  ],
  "mag_err": [
    0.005,
    0.005,
    0.005,
    0.005,
    0.005,
    0.005,
    0.005,
    0.005,
    0.005,
    0.005,
    0.005,
    0.005,
    0.005,
    0.005,
    0.005,
    0.005,
    0.005,
    0.005,
    0.005,
    0.005,
    0.005,
    0.005,
    0.005,
    0.005,
    0.005,
    0.005,
    0.005,
    0.005,
    0.005,
    0.005,
    0.005,
    0.005,
    0.005,
    0.005,
    0.005,
    0.005,
    0.005,
    0.005,
    0.005,
    0.005,
    0.005,
    0.005,
    0.005,
    0.005,
    0.005,
    0.005,
    0.005,
    0.005,
    0.005,
    0.005,
    0.005,
    0.005,
    0.005,
    0.005,
    0.005,
    0.005,
    0.005,
    0.005,
    0.005,
    0.005
  ],
  "brightness": [
    0.28164581313013637,
    0.2731060998072994,
    0.2722519319943166,
    0.26092807014647357,
    0.2516955930128357,
    0.24819895342133327,
    0.2511675541088488,
    0.2609294539384866,
    0.2671495277184799,
    0.288461732521676,
    0.3012738436178499,
    0.31701035251896287,
    0.32998763707347256,
    0.34202164309504923,
    0.3459717219817816,
    0.35036484440248894,
    0.35838429549017636,
    0.3522495425855961,
    0.35039662636055147,
    0.3501100189379139,
    0.3488293861766749,
    0.34461671962891405,
    0.3382340523306243,
    0.3366883487764426,
    0.3285902081676968,
    0.323438486042662,
    0.31755817319327123,
    0.30946062361425725,
    0.3034232402218696,
    0.2948511533770393,
    0.28460558308946204,
    0.2740340443203293,
    0.2681415408534544,
    0.25753534562930447,
    0.2544302180260716,
    0.24872572678546537,
    0.24849786353682038,
    0.25936394462517154,
    0.26875751379560087,
    0.282962114418737,
    0.2999477418918315,
    0.3153626270888739,
    0.3312352350600318,
    0.34020529522948273,
    0.3484578617461992,
    0.3508228226228087,
    0.35880301048599805,
    0.3545789593540112,
    0.3476551084739998,
    0.34937925157049443,
    0.34786916148165004,
    0.34517074302661793,
    0.33742243919359477,
    0.33420357457288874,
    0.32941537606173327,
    0.3275536413707848,
    0.3150137962149253,
    0.3112770756668441,
    0.30000669980324535,
    0.29269219321426093
  ],
  "phase_angle_deg": [
    21.86120404473051,
    21.862810377287833,
    21.864416685747223,
    21.86602297028118,
    21.867629230795888,
    21.869235467286227,
    21.87084167965838,
    21.872447868084905,
    21.874054032471868,
    21.875660172814236,
    21.87726628901818,
    21.878872381256148,
    21.88047844943436,
    21.882084493547715,
    21.883690513502366,
    21.885296509470844,
    21.886902481359222,
    21.888508429073738,
    21.89011435278683,
    21.891720252404685,
    21.893326127922197,
    21.894931979245534,
    21.896537806547222,
    21.898143609733367,
    21.899749388798927,
    21.901355143650036,
    21.902960874459215,
    21.90456658113254,
    21.906172263665027,
    21.907777921962815,
    21.909383556198314,
    21.91098916627773,
    21.91259475219603,
    21.914200313859354,
    21.9158058514401,
    21.917411364844476,
    21.919016853978665,
    21.920622319015127,
    21.92222775985992,
    21.923833176508115,
    21.925438568865875,
    21.927043937105477,
    21.928649281133218,
    21.930254600944,
    21.931859896444053,
    21.933465167805707,
    21.935070414935197,
    21.936675637827435,
    21.938280836388582,
    21.939886010791138,
    21.941491160941116,
    21.943096286744826,
    21.944701388374597,
    21.946306465736725,
    21.94791151882602,
    21.949516547548743,
    21.951121552077247,
    21.9527265323177,
    21.95433148826501,
    21.955936419825527
  ],