{
  "jd": [
    2451575.399154006,
    2451575.407579006,
    2451575.416004006,
    2451575.424429006,
    2451575.432854006,
    2451575.441279006,
    2451575.449704006,
    2451575.458129006,
    2451575.466554006,
    2451575.474979006,
    2451575.483404006,
    2451575.491829006,
    2451575.500254006,
    2451575.5086790062,
    2451575.517104006,
    2451575.525529006,
    2451575.533954006,
    2451575.542379006,
    2451575.550804006,
    2451575.559229006,
    2451575.567654006,
    2451575.576079006,
    2451575.584504006,
    2451575.592929006,
    2451575.601354006,
    2451575.609779006,
    2451575.618204006,
    2451575.626629006,
    2451575.6350540062,
    2451575.643479006,
    2451575.651904006,
    2451575.660329006,
    2451575.6687540063,
    2451575.677179006,
    2451575.685604006,
    2451575.694029006,
    2451575.702454006,
    2451575.710879006,
    2451575.719304006,
    2451575.727729006,
    2451575.736154006,
    2451575.744579006,
    2451575.753004006,
    2451575.7614290062,
    2451575.769854006,
    2451575.778279006,
    2451575.786704006,
    2451575.7951290063,
    2451575.803554006,
    2451575.811979006,
    2451575.820404006,
    2451575.828829006,
    2451575.837254006,
    2451575.845679006,
    2451575.854104006,
    2451575.862529006,
    2451575.870954006,
    2451575.879379006,
    2451575.887804006,
    2451575.896229006
  ],
  "mag": [
    0.03895656888468757,
    0.026524955064515465,
    0.017205334380678394,
    -0.00536446986725414,
    -0.003463917494017199,
    -0.00999813819795592,
    -0.01837122268271263,
    -0.024226171883299896,
    -0.02196196692670438,
    -0.06170228947139478,
    -0.036161815378133566,
    -0.04620951514484606,
    -0.04251282783882071,
    -0.05582561166670197,
    -0.05511506530347687,
    -0.05589749464257254,
    -0.05371113954314355,
    -0.04292678267769179,
    -0.02808598355575387,
    -0.013953508337584797,
    -0.008778780544658638,
    0.013584795369531832,
    0.02910520277645423,
    0.046653739980433206,
    0.07020791116681968,
    0.07251741276465573,
    0.08141130679527908,
    0.07959852997121719,
    0.07164558530559617,
    0.06049772942713916,
    0.048960825175158096,
    0.03318734980511295,
    0.004485017059310925,
    0.0013577744075505827,
    -0.013626044875806098,
    -0.009524097042177937,
    -0.0159802979676007,
    -0.02991752101922107,
    -0.02451907369556161,
    -0.06807368025622051,
    -0.0373759024070206,
    -0.05686344505473939,
    -0.04193298805582768,
    -0.0576278797838623,
    -0.05610337720373271,
    -0.04315137395713231,
    -0.041366565666754784,
    -0.03534090709404225,
    -0.03342208035505956,
    -0.02375147687078516,
    0.0022103229734906638,
    0.013705554518031127,
    0.022725506287244457,
    0.023846942902219004,
    0.07253646247841061,
    0.07168902266873745,
    0.07668804457383138,
    0.07011936003358121,
    0.06729114906222322,
    0.056131008630365464
  ],
  "mag_err": [
    0.005,
    0.005,
    0.005,
    0.005,
    0.005,
    0.005,
    0.005,
    0.005,
    0.005,
    0.005,
    0.005,
    0.005,
    0.005,
    0.005,
    0.005,
    0.005,
    0.005,
    0.005,
    0.005,
    0.005,
    0.005,
    0.005,
    0.005,
    0.005,
    0.005,
    0.005,
    0.005,
    0.005,
    0.005,
    0.005,
    0.005,
    0.005,
    0.005,
    0.005,
    0.005,
    0.005,
    0.005,
    0.005,
    0.005,
    0.005,
    0.005,
    0.005,
    0.005,
    0.005,
    0.005,
    0.005,
    0.005,
    0.005,
    0.005,
    0.005,
    0.005,
    0.005,
    0.005,
    0.005,
    0.005,
    0.005,
    0.005,
    0.005,
    0.005,
    0.005
  ],
  "brightness": [
    0.32655851998707236,
    0.3303190832996542,
    0.3331666430039981,
    0.340164849702656,
    0.33956992102838485,
    0.3416196960313752,
    0.34426441632888805,
    0.3461259138539959,
    0.3454048515865521,
    0.3582816473766521,
    0.3499519137100848,
    0.3532054959745539,
    0.35200495573509405,
    0.35634764360041365,
    0.3561145126733113,
    0.3563712369713685,
    0.3556543316126246,
    0.3521391890190057,
    0.34735858747310133,
    0.3428664967006139,
    0.3412362485922043,
    0.3342794881434541,
    0.32953501336886976,
    0.3242516170886185,
    0.31729299357947643,
    0.31661878758309914,
    0.3140357736572519,
    0.3145605348976585,
    0.3168731291146669,
    0.32014340142255016,
    0.3235633450483379,
    0.3282983550741596,
    0.3370929267810065,
    0.3380652541249197,
    0.3427631020458085,
    0.34147057468179387,
    0.34350713784103637,
    0.3479450440829617,
    0.34621930171664284,
    0.3603903211028361,
    0.35034345422899044,
    0.35668843199198424,
    0.35181701691146594,
    0.3569396541893414,
    0.35643882022000317,
    0.35221203873248064,
    0.3516335238469868,
    0.3496874205047117,
    0.3490699620489436,
    0.3459746171285376,
    0.3377999006088882,
    0.33424231054786224,
    0.33147703394708716,
    0.33113483427592244,
    0.3166132324175496,
    0.31686045213310404,
    0.31540489473286143,
    0.3173188726095945,
    0.31814652724230424,
    0.32143357842498294
  ],
  "phase_angle_deg": [
    5.853117365200292,
    5.852031004928353,
    5.850944521805133,
    5.849857915734877,
    5.848771186801723,
    5.847684335029607,
    5.846597360503117,
    5.8455102631259495,
    5.844423042982576,
    5.843335700096972,
    5.842248234553499,
    5.841160646256116,
    5.840072935289002,
    5.8389851016761165,
    5.837897145502086,
    5.8368090666707,
    5.835720865266222,
    5.834632541372844,
    5.833544094894506,
    5.832455525915284,
    5.831366834459832,
    5.830278020611925,
    5.82918908427583,
    5.828100025535458,
    5.827010844415003,
    5.825921540999139,
    5.824832115191456,
    5.823742567075953,
    5.822652896677235,
    5.8215631040795675,
    5.820473189186488,
    5.819383152082266,
    5.818292992791301,
    5.817202711398129,
    5.816112307805925,
    5.815021782099359,
    5.813931134362843,
    5.812840364499829,
    5.8117494725947365,
    5.810658458671911,
    5.809567322815663,
    5.8084760649295815,
    5.807384685097734,
    5.806293183345136,
    5.805201559755174,
    5.8041098142318965,
    5.803017946859894,
    5.801925957663029,
    5.800833846725843,
    5.799741613951832,
    5.798649259425483,
    5.797556783231155,
    5.796464185272303,
    5.795371465633544,
    5.794278624338751,
    5.79318566147293,
    5.7920925769389235,
    5.790999370821499,
    5.7899060431447555,
    5.788812593993034
  ],
  "r_helio": [
    1.2291486577229753,
    1.2291853814419305,
    1.2292221050572159,
    1.2292588285724855,
    1.2292955519853022,
    1.2293322752952605,
    1.229368998499925,
    1.2294057216029495,
    1.2294424446018977,
    1.2294791674963645,
    1.229515890283914,
    1.2295526129682004,
    1.2295893355467884,
    1.2296260580192724,
    1.2296627803832174,
    1.229699502642278,
    1.2297362247940185,
    1.2297729468360044,
    1.22980966877189,
    1.2298463905992405,
    1.2298831123176515,
    1.2299198339246877,
    1.2299565554240046,
    1.2299932768131665,
    1.2300299980917702,
    1.2300667192573806,
    1.2301034403136528,
    1.2301401612581528,
    1.2301768820904764,
    1.230213602808189,
    1.2302503234149467,
    1.230287043908315,
    1.2303237642878901,
    1.2303604845512388,
    1.230397204702016,
    1.2304339247377887,
    1.2304706446561227,
    1.2305073644606743,
    1.23054408414901,
    1.2305808037207266,
    1.2306175231733911,
    1.230654242510659,
    1.2306909617300974,
    1.2307276808313032,
    1.2307643998118434,
    1.230801118675375,
    1.2308378374194646,
    1.2308745560437095,
    1.2309112745456772,
    1.2309479929290241,
    1.2309847111913181,
    1.2310214293301274,
    1.2310581473491071,
    1.231094865245827,
    1.2311315830198832,
    1.2311683006688445,
    1.2312050181963683,
    1.2312417356000218,
    1.2312784528794039,
    1.231315170032082
  ],