{
  "jd": [
    2452110.37489347,
    2452110.3786330535,
    2452110.382372637,
    2452110.38611222,
    2452110.3898518034,
    2452110.3935913867,
    2452110.39733097,
    2452110.4010705533,
    2452110.4048101366,
    2452110.4085497204,
    2452110.4122893037,
    2452110.416028887,
    2452110.4197684703,
    2452110.4235080536,
    2452110.427247637,
    2452110.4309872203,
    2452110.4347268036,
    2452110.438466387,
    2452110.44220597,
    2452110.4459455535,
    2452110.449685137,
    2452110.45342472,
    2452110.4571643034,
    2452110.4609038867,
    2452110.46464347,
    2452110.4683830533,
    2452110.472122637,
    2452110.4758622204,
    2452110.4796018037,
    2452110.483341387,
    2452110.4870809703,
    2452110.4908205536,
    2452110.494560137,
    2452110.49829972,
    2452110.5020393035,
    2452110.505778887,
    2452110.50951847,
    2452110.5132580535,
    2452110.5169976368,
    2452110.52073722,
    2452110.5244768034,
    2452110.5282163867,
    2452110.53195597,
    2452110.5356955538,
    2452110.539435137,
    2452110.5431747204,
    2452110.5469143037,
    2452110.550653887,
    2452110.5543934703,
    2452110.5581330536,
    2452110.561872637,
    2452110.56561222,
    2452110.5693518035,
    2452110.573091387,
    2452110.57683097,
    2452110.5805705534,
    2452110.5843101367,
    2452110.58804972,
    2452110.5917893033,
    2452110.5955288867
  ],
  "mag": [
    -0.04001716490732932,
    -0.04529643269685124,
    -0.03874294002588918,
    -0.012722778115755062,
    -0.013081491644202359,
    -0.0069402226664418976,
    -0.00047282441329699054,
    0.01568274557773286,
    0.01727304796559892,
    0.02338502105629736,
    0.03518789765285213,
    0.03540622977370056,
    0.03395995819535713,
    0.030305477774200895,
    0.04383265434387695,
    0.03156689869942397,
    0.04468889138889587,
    0.02864814746985722,
    0.028000168169832307,
    0.019990869297044966,
    0.01669112439294196,
    -0.0007950779081387083,
    -0.004985636737265153,
    -0.006334213275968281,
    -0.01695734204024113,
    -0.040660442936054864,
    -0.036683978825061914,
    -0.042570542340810036,
    -0.04869214534881294,
    -0.05751683361424753,
    -0.043297484870109315,
    -0.038672536087290155,
    -0.029468925780436805,
    -0.026363664940634024,
    -0.02598381328863475,
    -0.005572049690011127,
    0.0024452626983286763,
    0.02022297706879428,
    0.009097505897756264,
    0.024234548359160613,
    0.036598904822247036,
    0.039619702836093396,
    0.03909245340428136,
    0.032374707609456266,
    0.03784937845620995,
    0.02885367521120763,
    0.038104484144231066,
    0.02984786204655876,
    0.02741905541636136,
    0.0174373699140542,
    0.00953765720506361,
    0.013892992833625328,
    -0.004048729670115492,
    -0.006074739661018569,
    -0.015387488553900042,
    -0.036402803598363676,
    -0.04258550401362626,
    -0.03584706457114173,
    -0.05145718003758759,
    -0.037615617422027015
  ],
  "mag_err": [
    0.005,
    0.005,
    0.005,
    0.005,
    0.005,
    0.005,
    0.005,
    0.005,
    0.005,
    0.005,
    0.005,
    0.005,
    0.005,
    0.005,
    0.005,
    0.005,
    0.005,
    0.005,
    0.005,
    0.005,
    0.005,
    0.005,
    0.005,
    0.005,
    0.005,
    0.005,
    0.005,
    0.005,
    0.005,
    0.005,
    0.005,
    0.005,
    0.005,
    0.005,
    0.005,
    0.005,
    0.005,
    0.005,
    0.005,
    0.005,
    0.005,
    0.005,
    0.005,
    0.005,
    0.005,
    0.005,
    0.005,
    0.005,
    0.005,
    0.005,
    0.005,
    0.005,
    0.005,
    0.005,
    0.005,
    0.005,
    0.005,
    0.005,
    0.005,
    0.005
  ],
  "brightness": [
    19628.48900371946,
    19724.162693288203,
    19605.46643329306,
    19141.197937576195,
    19147.522992409693,
    19039.52424360805,
    18926.448737681065,
    18646.91129323014,
    18619.61873319895,
    18515.097126705386,
    18314.91232406255,
    18311.22972454623,
    18335.637732112216,
    18397.457652349487,
    18169.66588483627,
    18376.095684197186,
    18155.342508633617,
    18425.562036411764,
    18436.56189643754,
    18573.068279731506,
    18629.600991507654,
    18932.06706323904,
    19005.279361013683,
    19028.9001979181,
    19215.997778743647,
    19640.12195553543,
    19568.3223799169,
    19674.70457655311,
    19785.94790063099,
    19947.420206455474,
    19687.881965787492,
    19604.195169336468,
    19438.715937004243,
    19383.19964700416,
    19376.4194985903,
    19015.547004486874,
    18875.649221205073,
    18569.098169210258,
    18760.352773495615,
    18500.61577432801,
    18291.125986735082,
    18240.306088777408,
    18249.166000127694,
    18362.42859556388,
    18270.071697269592,
    18422.074443641064,
    18265.77944683169,
    18405.21344090494,
    18446.432239561847,
    18616.800939615383,
    18752.74897412112,
    18677.67464287363,
    18988.88633663642,
    19024.35313799994,
    19188.23366539122,
    19563.255389362195,
    19674.975699980303,
    19553.24441018649,
    19836.400814034056,
    19585.120593092342
  ],
  "phase_angle_deg": [
    16.51626136918601,
    16.516558322035216,
    16.51685520908316,
    16.517152030332067,
    16.517448785784232,
    16.51774547544195,
    16.518042099307372,
    16.518338657382813,
    16.518635149670562,
    16.518931576209752,
    16.519227936928914,
    16.519524231867067,
    16.51982046102652,
    16.520116624409557,
    16.52041272201844,
    16.520708753855512,
    16.52100471992293,
    16.521300620222906,
    16.521596454757827,
    16.521892223529868,
    16.522187926541385,
    16.52248356379455,
    16.52277913529162,
    16.523074641034935,
    16.52337008102677,
    16.52366545526928,
    16.523960763801536,
    16.52425600655229,
    16.524551183560604,
    16.524846294828663,
    16.5251413403588,
    16.525436320153233,
    16.525731234214263,
    16.52602608254412,
    16.52632086514501,
    16.526615582019353,
    16.52691023316939,
    16.527204818597333,
    16.527499338305383,
    16.527793792295935,
    16.52808818057111,
    16.528382503133344,
    16.528676759984766,
    16.52897095116434,
    16.529265076601014,
    16.52955913633379,
    16.529853130364867,
    16.53014705869647,
    16.530440921331007,
    16.53073471827053,
    16.531028449517574,
    16.53132211507424,
    16.53161571494277,
    16.531909249125572,
    16.532202717624756,
    16.53249612044266,
    16.532789457581657,
    16.533082729043816,
    16.53337593483158,
    16.53366907494712
  ],
  "r_helio": [
    3.396982480647222,
    3.3969782779911335,
    3.3969740752526083,
    3.3969698724316477,
    3.3969656695282513,
    3.39696146654242,
    3.3969572634741523,
    3.3969530603234492,
    3.3969488570903117,
    3.396944653774214,
    3.396940450376207,
    3.3969362468957636,
    3.3969320433328853,
    3.3969278396875735,
    3.3969236359598263,
    3.3969194321496463,
    3.396915228257031,
    3.396911024281982,
    3.3969068202244985,
    3.396902616084582,
    3.396898411862232,
    3.3968942075574486,
    3.3968900031702316,
    3.3968857987005814,
    3.3968815941484984,
    3.3968773895139828,
    3.3968731847965103,
    3.3968689799971292,
    3.396864775115315,
    3.3968605701510697,
    3.3968563651043913,
    3.3968521599752797,
    3.3968479547637376,
    3.396843749469764,
    3.3968395440933574,
    3.3968353386345203,
    3.3968311330932517,
    3.396826927469552,
    3.3968227217634213,
    3.396818515974859,
    3.396814310103866,
    3.3968101041504424,
    3.3968058981145894,
    3.3968016919957806,
    3.396797485795066,
    3.396793279511921,
    3.3967890731463464,
    3.3967848666983422,
    3.3967806601679076,
    3.396776453555043,
    3.3967722468597508,
    3.3967680400820277,
    3.3967638332218755,
    3.3967596262792954,
    3.396755419254285,
    3.396751212146847,
    3.3967470049569792,
    3.3967427976846833,
    3.39673859032996,
    3.396734382892807
  ],