{
  "jd": [
    2452103.831665342,
    2452103.8354049255,
    2452103.839144509,
    2452103.842884092,
    2452103.8466236754,
    2452103.8503632587,
    2452103.854102842,
    2452103.8578424254,
    2452103.8615820087,
    2452103.8653215924,
    2452103.8690611757,
    2452103.872800759,
    2452103.8765403423,
    2452103.8802799257,
    2452103.884019509,
    2452103.8877590923,
    2452103.8914986756,
    2452103.895238259,
    2452103.898977842,
    2452103.9027174255,
    2452103.906457009,
    2452103.910196592,
    2452103.9139361754,
    2452103.9176757587,
    2452103.921415342,
    2452103.9251549253,
    2452103.928894509,
    2452103.9326340924,
    2452103.9363736757,
    2452103.940113259,
    2452103.9438528423,
    2452103.9475924256,
    2452103.951332009,
    2452103.9550715922,
    2452103.9588111755,
    2452103.962550759,
    2452103.966290342,
    2452103.9700299255,
    2452103.973769509,
    2452103.977509092,
    2452103.9812486754,
    2452103.9849882587,
    2452103.988727842,
    2452103.9924674258,
    2452103.996207009,
    2452103.9999465924,
    2452104.0036861757,
    2452104.007425759,
    2452104.0111653423,
    2452104.0149049256,
    2452104.018644509,
    2452104.022384092,
    2452104.0261236755,
    2452104.029863259,
    2452104.033602842,
    2452104.0373424254,
    2452104.0410820087,
    2452104.044821592,
    2452104.0485611754,
    2452104.0523007587
  ],
  "mag": [
    0.0048541011957983216,
    0.0007220820122508798,
    -0.009962351137469128,
    -0.01761929008980445,
    -0.02568263120750558,
    -0.03734735680155943,
    -0.03938440248610853,
    -0.041027961669712454,
    -0.04147592708249803,
    -0.04458606756265304,
    -0.03924712180252676,
    -0.038827725671682245,
    -0.03267142016883717,
    -0.027141071886729762,
    -0.017084050172758936,
    -0.006088454872635651,
    -0.011342424977303978,
    0.0171884269705469,
    0.016210832676426534,
    0.036152142617272176,
    0.04157558591957233,
    0.04042335370622574,
    0.04797559030099485,
    0.02616561468983747,
    0.04174763531939618,
    0.03302236993092933,
    0.0358109272290239,
    0.026453440097304437,
    0.022891865335378014,
    0.01294736303005628,
    0.008087318860455994,
    0.004369912400415288,
    0.0030458617161475132,
    -0.005564026939049782,
    -0.020492197110234756,
    -0.034537231787071576,
    -0.036991677769956155,
    -0.0372862677439354,
    -0.046163991966968965,
    -0.057201591940204466,
    -0.04218203992707181,
    -0.04006866602611403,
    -0.02695994986832062,
    -0.02234995319729549,
    -0.014233611993683226,
    -0.003335124031766057,
    -0.012430743941871825,
    0.025118258508493696,
    0.016400132987795857,
    0.031180218305991048,
    0.04296381595213283,
    0.04652916035996313,
    0.04087861291373329,
    0.031922306567652825,
    0.037864953679479285,
    0.03303691378469331,
    0.029593351582072103,
    0.030342583695567527,
    0.03235135371185294,
    0.011459245775789384
  ],
  "mag_err": [
    0.005,
    0.005,
    0.005,
    0.005,
    0.005,
    0.005,
    0.005,
    0.005,
    0.005,
    0.005,
    0.005,
    0.005,
    0.005,
    0.005,
    0.005,
    0.005,
    0.005,
    0.005,
    0.005,
    0.005,
    0.005,
    0.005,
    0.005,
    0.005,
    0.005,
    0.005,
    0.005,
    0.005,
    0.005,
    0.005,
    0.005,
    0.005,
    0.005,
    0.005,
    0.005,
    0.005,
    0.005,
    0.005,
    0.005,
    0.005,
    0.005,
    0.005,
    0.005,
    0.005,
    0.005,
    0.005,
    0.005,
    0.005,
    0.005,
    0.005,
    0.005,
    0.005,
    0.005,
    0.005,
    0.005,
    0.005,
    0.005,
    0.005,
    0.005,
    0.005
  ],
  "brightness": [
    18832.018810528112,
    18903.82494604708,
    19090.770651156057,
    19225.880376948353,
    19369.195036069446,
    19578.41196016467,
    19615.179230163725,
    19644.894663061466,
    19653.001649830723,
    19709.37927178454,
    19612.699240115937,
    19605.124746715217,
    19494.274982405444,
    19395.23064516656,
    19216.404850089642,
    19022.77633999421,
    19115.052262749494,
    18619.291404505,
    18636.063719904854,
    18296.906245460967,
    18205.737871300353,
    18225.068876829046,
    18098.737603504567,
    18465.976302866962,
    18202.85315759438,
    18349.725497112293,
    18302.65733589145,
    18461.08167680554,
    18521.73958068945,
    18692.16364763906,
    18776.02229294015,
    18840.41890433266,
    18863.408730210012,
    19013.590253788967,
    19276.82028943615,
    19527.804227594497,
    19571.999269785756,
    19577.310409820737,
    19738.04417257334,
    19939.72463894985,
    19665.787214477965,
    19627.54520107465,
    19391.99541149524,
    19309.832254423196,
    19166.021216686506,
    18974.59737883967,
    19134.22239234462,
    18483.798114216897,
    18632.814767602613,
    18380.88561612582,
    18182.4747607475,
    18122.865012426504,
    18217.428539250966,
    18368.326783710538,
    18268.06458334187,
    18349.479697132865,
    18407.76999317623,
    18395.07175685883,
    18361.069660673384,
    18717.800816521154
  ],
  "phase_angle_deg": [
    15.893967744458408,
    15.894383068570813,
    15.894798323327509,
    15.895213508729979,
    15.8956286247802,
    15.896043671479957,
    15.896458648830842,
    15.896873556834713,
    15.897288395493373,
    15.897703164860223,
    15.898117864833683,
    15.898532495467174,
    15.8989470567625,
    15.899361548721439,
    15.899775971345669,
    15.90019032463708,
    15.900604608597376,
    15.901018823228425,
    15.901432968531807,
    15.901847044509367,
    15.902261051163029,
    15.902674988494288,
    15.903088856505184,
    15.903502655197371,
    15.903916384572515,
    15.904330044632546,
    15.904743635430709,
    15.90515715686575,
    15.905570608990889,
    15.905983991807977,
    15.906397305318748,
    15.906810549525082,
    15.907223724428562,
    15.907636830031063,
    15.908049866334386,
    15.908462833340257,
    15.908875731050548,
    15.909288559466889,
    15.909701318591239,
    15.910114008425182,
    15.910526628970562,
    15.910939180229306,
    15.911351662202929,
    15.911764074944754,
    15.912176418353754,
    15.912588692483164,
    15.91300089733463,
    15.913413032910029,
    15.91382509921117,
    15.914237096239718,
    15.914649023997528,
    15.915060882486404,
    15.915472671708056,
    15.915884391664285,
    15.916296042356919,
    15.916707623787756,
    15.917119135958455,
    15.917530578871006,
    15.917941952526895,
    15.918353256928226
  ],