{
  "jd": [
    2451726.046800736,
    2451726.050540319,
    2451726.0542799025,
    2451726.058019486,
    2451726.061759069,
    2451726.0654986524,
    2451726.0692382357,
    2451726.072977819,
    2451726.0767174023,
    2451726.080456986,
    2451726.0841965694,
    2451726.0879361527,
    2451726.091675736,
    2451726.0954153193,
    2451726.0991549026,
    2451726.102894486,
    2451726.1066340692,
    2451726.1103736525,
    2451726.114113236,
    2451726.117852819,
    2451726.1215924025,
    2451726.1253319858,
    2451726.129071569,
    2451726.1328111524,
    2451726.1365507357,
    2451726.140290319,
    2451726.1440299028,
    2451726.147769486,
    2451726.1515090694,
    2451726.1552486527,
    2451726.158988236,
    2451726.1627278193,
    2451726.1664674026,
    2451726.170206986,
    2451726.173946569,
    2451726.1776861525,
    2451726.181425736,
    2451726.185165319,
    2451726.1889049024,
    2451726.1926444857,
    2451726.196384069,
    2451726.2001236524,
    2451726.2038632357,
    2451726.2076028194,
    2451726.2113424027,
    2451726.215081986,
    2451726.2188215693,
    2451726.2225611527,
    2451726.226300736,
    2451726.2300403193,
    2451726.2337799026,
    2451726.237519486,
    2451726.241259069,
    2451726.2449986525,
    2451726.248738236,
    2451726.252477819,
    2451726.2562174024,
    2451726.2599569857,
    2451726.263696569,
    2451726.2674361523
  ],
  "mag": [
    -0.03734601343490063,
    -0.03139161939014201,
    -0.043698630473278044,
    -0.05435855453055538,
    -0.004919906725312728,
    -0.008455371844204862,
    -0.004024340820295791,
    -0.02383578147753873,
    0.019051976468700715,
    0.0162437700400222,
    0.02315902015134874,
    0.04139076950342968,
    0.05594792830382822,
    0.07047101217360385,
    0.0799911210488311,
    0.0823208716354884,
    0.08772881196976634,
    0.06525038296111951,
    0.052145719602437524,
    0.02093343800384595,
    -0.016121527911904465,
    -0.03056589672309329,
    -0.04450971875492726,
    -0.04927242318026437,
    -0.04308045614171263,
    -0.04268549836860025,
    -0.0529239911308661,
    -0.043660035877250536,
    -0.05868479868514065,
    -0.04765721954751889,
    -0.04581991992645662,
    -0.03288055260300915,
    -0.027929141252087675,
    -0.04518894448762545,
    -0.016459645481807783,
    -0.012763270748443745,
    0.007592717097631763,
    -0.019277856840156815,
    0.0113879490299027,
    0.02133013029902564,
    0.030425166275170668,
    0.042678861501263654,
    0.04968715793722822,
    0.07174203598023077,
    0.07297450107578562,
    0.08280178541646066,
    0.08569854949369393,
    0.05855630085215324,
    0.06413314067397557,
    0.025324437817991097,
    -0.01121532324695984,
    -0.030857012278277196,
    -0.040328001843805694,
    -0.03945048526285966,
    -0.04443526942700515,
    -0.055072227827063,
    -0.04296687613813255,
    -0.05243004901145376,
    -0.045852581152541205,
    -0.03884861276777585
  ],
  "mag_err": [
    0.005,
    0.005,
    0.005,
    0.005,
    0.005,
    0.005,
    0.005,
    0.005,
    0.005,
    0.005,
    0.005,
    0.005,
    0.005,
    0.005,
    0.005,
    0.005,
    0.005,
    0.005,
    0.005,
    0.005,
    0.005,
    0.005,
    0.005,
    0.005,
    0.005,
    0.005,
    0.005,
    0.005,
    0.005,
    0.005,
    0.005,
    0.005,
    0.005,
    0.005,
    0.005,
    0.005,
    0.005,
    0.005,
    0.005,
    0.005,
    0.005,
    0.005,
    0.005,
    0.005,
    0.005,
    0.005,
    0.005,
    0.005,
    0.005,
    0.005,
    0.005,
    0.005,
    0.005,
    0.005,
    0.005,
    0.005,
    0.005,
    0.005,
    0.005,
    0.005
  ],
  "brightness": [
    17940.16778646998,
    17842.049621441085,
    18045.44296788638,
    18223.48849478844,
    17412.29666068861,
    17469.088453603264,
    17397.940107369832,
    17718.314563911157,
    17032.06494843737,
    17076.17461513021,
    16967.758998689354,
    16685.214236174343,
    16462.997938196597,
    16244.250956047877,
    16102.438409783037,
    16067.923170409855,
    15988.08948492067,
    16322.5475308587,
    16520.751825207994,
    17002.57580957298,
    17592.870515774153,
    17828.485567897096,
    18058.92867061147,
    18138.320202456023,
    18035.171546034857,
    18028.61209289303,
    18199.426032718617,
    18044.801519070246,
    18296.246998406372,
    18111.356655191288,
    18080.73425411743,
    17866.534246684463,
    17785.240882173282,
    18070.229690671335,
    17598.35010181393,
    17538.538620137046,
    17212.779615362204,
    17644.08892205101,
    17152.716730967473,
    16996.364762377532,
    16854.583641014797,
    16665.43102637699,
    16558.20411697893,
    16225.245649657109,
    16206.838136499107,
    16060.807653262189,
    16018.014236518422,
    16423.4947039001,
    16339.352373679623,
    16933.951827621095,
    17513.551525696214,
    17833.2665131434,
    17989.50841366123,
    17974.974759697452,
    18057.690405734513,
    18235.471048558695,
    18033.284966496416,
    18191.14831432312,
    18081.27816877097,
    17965.013182673767
  ],
  "phase_angle_deg": [
    16.517352866468336,
    16.51708640996885,
    16.51681991476275,
    16.516553380852372,
    16.51628680824005,
    16.51602019692819,
    16.515753546919,
    16.515486858214945,
    16.515220130818328,
    16.514953364698226,
    16.51468655992346,
    16.514419716463227,
    16.514152834319738,
    16.51388591349536,
    16.513618953992417,
    16.51335195581334,
    16.513084918960434,
    16.51281784343599,
    16.51255072924236,
    16.512283576381925,
    16.51201638485695,
    16.511749154669854,
    16.511481885822903,
    16.51121457831854,
    16.510947232158994,
    16.510679847346697,
    16.510412423850525,
    16.510144961739666,
    16.509877460982942,
    16.509609921582822,
    16.509342343541523,
    16.509074726861517,
    16.50880707154508,
    16.508539377594502,
    16.50827164501216,
    16.508003873800437,
    16.507736063961605,
    16.507468215498093,
    16.50720032841209,
    16.506932402706067,
    16.50666443838231,
    16.506396435443143,
    16.506128393890922,
    16.50586031369466,
    16.5055921949233,
    16.50532403754587,
    16.50505584156482,
    16.50478760698238,
    16.50451933380084,
    16.504251022022668,
    16.503982671650093,
    16.503714282685475,
    16.50344585513123,
    16.50317738898959,
    16.502908884262897,
    16.502640340953576,
    16.502371759063877,
    16.502103138596173,
    16.50183447955278,
    16.501565781936062
  ],
  "r_helio": [
    3.3829104962346217,
    3.3829149655863353,
    3.3829194348560825,
    3.3829239040438654,
    3.3829283731496824,
    3.382932842173534,
    3.3829373111154193,
    3.3829417799753383,
    3.382946248753292,
    3.382950717449835,
    3.3829551860638563,
    3.382959654595911,
    3.3829641230459986,
    3.382968591414119,
    3.382973059700271,
    3.382977527904457,
    3.3829819960266776,
    3.3829864640669287,
    3.3829909320252116,
    3.3829953999015276,
    3.382999867695875,
    3.3830043354082555,
    3.3830088030386674,
    3.3830132705871097,
    3.383017738053585,
    3.383022205438091,
    3.3830266727411837,
    3.3830311399617523,
    3.3830356071003505,
    3.38304007415698,
    3.3830445411316403,
    3.3830490080243307,
    3.3830534748350507,
    3.3830579415638016,
    3.383062408210582,
    3.383066874775392,
    3.383071341258232,
    3.3830758076591008,
    3.3830802739779995,
    3.3830847402149273,
    3.3830892063698843,
    3.383093672442869,
    3.3830981384338834,
    3.3831026043434824,
    3.3831070701705532,
    3.3831115359156523,
    3.3831160015787796,
    3.3831204671599346,
    3.3831249326591175,
    3.383129398076328,
    3.383133863411567,
    3.383138328664832,
    3.383142793836124,
    3.3831472589254434,
    3.38315172393279,
    3.383156188858163,
    3.383160653701563,
    3.38316511846299,
    3.3831695831424407,
    3.383174047739919
  ],