{
  "jd": [
    2451575.399154006,
    2451575.4028935893,
    2451575.4066331726,
    2451575.410372756,
    2451575.4141123393,
    2451575.4178519226,
    2451575.421591506,
    2451575.425331089,
    2451575.4290706725,
    2451575.4328102563,
    2451575.4365498396,
    2451575.440289423,
    2451575.444029006,
    2451575.4477685895,
    2451575.451508173,
    2451575.455247756,
    2451575.4589873394,
    2451575.4627269227,
    2451575.466466506,
    2451575.4702060893,
    2451575.4739456726,
    2451575.477685256,
    2451575.4814248392,
    2451575.4851644225,
    2451575.488904006,
    2451575.492643589,
    2451575.496383173,
    2451575.500122756,
    2451575.5038623395,
    2451575.507601923,
    2451575.511341506,
    2451575.5150810895,
    2451575.5188206728,
    2451575.522560256,
    2451575.5262998394,
    2451575.5300394227,
    2451575.533779006,
    2451575.5375185893,
    2451575.5412581726,
    2451575.544997756,
    2451575.548737339,
    2451575.5524769225,
    2451575.556216506,
    2451575.5599560896,
    2451575.563695673,
    2451575.567435256,
    2451575.5711748395,
    2451575.574914423,
    2451575.578654006,
    2451575.5823935894,
    2451575.5861331727,
    2451575.589872756,
    2451575.5936123393,
    2451575.5973519227,
    2451575.601091506,
    2451575.6048310893,
    2451575.6085706726,
    2451575.612310256,
    2451575.616049839,
    2451575.6197894225
  ],
  "mag": [
    -0.12920726476456146,
    -0.1319444114371482,
    -0.12329341991084775,
    -0.12900170685969314,
    -0.10571458668655254,
    -0.09556296761645555,
    -0.07944870445162344,
    -0.06527168482297441,
    -0.034615394256324095,
    -0.007908646214458415,
    0.030870021607110942,
    0.10155114810667598,
    0.15403883451689993,
    0.1799260359912882,
    0.23685997098425027,
    0.20694995618220347,
    0.18008163209639605,
    0.16401903018555686,
    0.12923428073425924,
    0.08752639249042105,
    0.03989457938104124,
    0.013804954972602701,
    -0.01577960136891221,
    -0.0428433020927681,
    -0.06184268016171934,
    -0.08476441527148104,
    -0.09876715809500602,
    -0.10122342424044639,
    -0.09705438391678634,
    -0.11017009070948092,
    -0.12031288886701219,
    -0.12771153604981933,
    -0.1302206257981524,
    -0.12259181049123669,
    -0.11650342801896585,
    -0.09635698727101172,
    -0.07825201820003613,
    -0.0624325080413648,
    -0.0382078316092489,
    -0.01611502506494311,
    0.034040523966279324,
    0.08753857918989638,
    0.15301884731518278,
    0.17556440960768427,
    0.23961140221127053,
    0.22092032256615468,
    0.1989532458320653,
    0.17054052544463083,
    0.12018274879691226,
    0.07741054070743658,
    0.048212138420408834,
    0.01623332571500491,
    -0.019090583003951167,
    -0.05440773605328353,
    -0.06351161558464113,
    -0.0788683281986966,
    -0.09950520307725341,
    -0.10857548208391066,
    -0.10340487402681475,
    -0.11650112270404911
  ],
  "mag_err": [
    0.005,
    0.005,
    0.005,
    0.005,
    0.005,
    0.005,
    0.005,
    0.005,
    0.005,
    0.005,
    0.005,
    0.005,
    0.005,
    0.005,
    0.005,
    0.005,
    0.005,
    0.005,
    0.005,
    0.005,
    0.005,
    0.005,
    0.005,
    0.005,
    0.005,
    0.005,
    0.005,
    0.005,
    0.005,
    0.005,
    0.005,
    0.005,
    0.005,
    0.005,
    0.005,
    0.005,
    0.005,
    0.005,
    0.005,
    0.005,
    0.005,
    0.005,
    0.005,
    0.005,
    0.005,
    0.005,
    0.005,
    0.005,
    0.005,
    0.005,
    0.005,
    0.005,
    0.005,
    0.005,
    0.005,
    0.005,
    0.005,
    0.005,
    0.005,
    0.005
  ],
  "brightness": [
    17898.470207126975,
    17943.649268888752,
    17801.24490800729,
    17895.08188521151,
    17515.3508836341,
    17352.345820996707,
    17096.707792444893,
    16874.91838987503,
    16405.110686748634,
    16006.503198310776,
    15444.896367555117,
    14471.466646995097,
    13788.514286951397,
    13463.643168196917,
    12775.826898705413,
    13132.669800616837,
    13461.713841048311,
    13662.349633435342,
    14107.150350142892,
    14659.611135593246,
    15317.051603245487,
    15689.569425982834,
    16122.962645901642,
    16529.903876091303,
    16821.707586462002,
    17180.61767086529,
    17403.63115586319,
    17443.048042541363,
    17376.198165708647,
    17587.375800823957,
    17752.444468316426,
    17873.829945600133,
    17915.183363695538,
    17789.745349901084,
    17690.266620172206,
    17365.040564800853,
    17077.874374017403,
    16830.848487916166,
    16459.48111251995,
    16127.944389305176,
    15399.860885769138,
    14659.446591690301,
    13801.473895670697,
    13517.838184517419,
    12743.491874469923,
    12964.771839029308,
    13229.752176042926,
    13580.532433587383,
    14225.250004663314,
    14796.833636108797,
    15200.159735521069,
    15654.517158799408,
    16172.20509722786,
    16706.908792065515,
    16847.58489606001,
    17087.571253006474,
    17415.46554920265,
    17561.564377723298,
    17478.129662590465,
    17690.229058937675
  ],
  "phase_angle_deg": [
    14.653637239595344,
    14.652847077972092,
    14.652056846459294,
    14.651266545059297,
    14.650476173774287,
    14.64968573260677,
    14.648895221559025,
    14.648104640633353,
    14.64731398983204,
    14.646523269059115,
    14.64573247851369,
    14.644941618099697,
    14.644150687819497,
    14.643359687675357,
    14.642568617669687,
    14.641777477804876,
    14.64098626808311,
    14.6401949885069,
    14.63940363907846,
    14.638612219800248,
    14.63782073067457,
    14.63702917170371,
    14.636237542890239,
    14.635445844236148,
    14.634654075744082,
    14.633862237416368,
    14.633070329156633,
    14.632278351164562,
    14.631486303343884,
    14.630694185696834,
    14.629901998226035,
    14.62910974093362,
    14.628317413822016,
    14.627525016893676,
    14.626732550150802,
    14.625940013595867,
    14.625147407231331,
    14.624354731059437,
    14.623561985082539,
    14.622769169303107,
    14.621976283723491,
    14.621183328346067,
    14.620390303173131,
    14.619597208108413,
    14.61880404335177,
    14.618010808806824,
    14.617217504475956,
    14.616424130361583,
    14.615630686466103,
    14.61483717279178,
    14.614043589341106,
    14.613249936116532,
    14.612456213120323,
    14.611662420354941,
    14.610868557822728,
    14.61007462552616,
    14.609280623467567,
    14.608486551649367,
    14.607692410073975,
    14.606898198743803
  ],
  "r_helio": [
    3.138693928138261,
    3.138701504239825,
    3.1387090802714477,
    3.1387166562331283,
    3.1387242321248667,
    3.138731807946662,
    3.1387393836985145,
    3.138746959380422,
    3.1387545349923864,
    3.1387621105353483,
    3.138769686007421,
    3.1387772614095484,
    3.1387848367417295,
    3.1387924120039634,
    3.1387999871962498,
    3.1388075623185894,
    3.1388151373709787,
    3.1388227123534196,
    3.1388302872659106,
    3.138837862108453,
    3.1388454368810446,
    3.138853011583684,
    3.138860586216373,
    3.1388681607791087,
    3.138875735271893,
    3.138883309694723,
    3.1388908840485445,
    3.138898458331467,
    3.138906032544437,
    3.138913606687449,
    3.138921180760508,
    3.1389287547636093,
    3.138936328696755,
    3.138943902559943,
    3.138951476353174,
    3.1389590500764455,
    3.138966623729761,
    3.1389741973131144,
    3.1389817708265095,
    3.138989344269944,
    3.138996917643419,
    3.1390044909469323,
    3.1390120641804837,
    3.1390196373450157,
    3.1390272104386425,
    3.139034783462305,
    3.139042356416006,
    3.1390499292997407,
    3.1390575021135123,
    3.1390650748573177,
    3.1390726475311572,
    3.139080220135031,
    3.1390877926689376,
    3.139095365132877,
    3.139102937526849,
    3.1391105098508527,
    3.139118082104888,
    3.1391256542889536,
    3.1391332264030485,
    3.1391407984471753
  ],