{
  "jd": [
    2451817.956970942,
    2451817.9607105255,
    2451817.964450109,
    2451817.968189692,
    2451817.9719292754,
    2451817.9756688587,
    2451817.979408442,
    2451817.9831480253,
    2451817.9868876087,
    2451817.9906271924,
    2451817.9943667757,
    2451817.998106359,
    2451818.0018459423,
    2451818.0055855257,
    2451818.009325109,
    2451818.0130646923,
    2451818.0168042756,
    2451818.020543859,
    2451818.024283442,
    2451818.0280230255,
    2451818.031762609,
    2451818.035502192,
    2451818.0392417754,
    2451818.0429813587,
    2451818.046720942,
    2451818.0504605253,
    2451818.054200109,
    2451818.0579396924,
    2451818.0616792757,
    2451818.065418859,
    2451818.0691584423,
    2451818.0728980256,
    2451818.076637609,
    2451818.0803771922,
    2451818.0841167755,
    2451818.087856359,
    2451818.091595942,
    2451818.0953355255,
    2451818.0990751088,
    2451818.102814692,
    2451818.1065542754,
    2451818.1102938587,
    2451818.114033442,
    2451818.1177730258,
    2451818.121512609,
    2451818.1252521924,
    2451818.1289917757,
    2451818.132731359,
    2451818.1364709423,
    2451818.1402105256,
    2451818.143950109,
    2451818.147689692,
    2451818.1514292755,
    2451818.155168859,
    2451818.158908442,
    2451818.1626480254,
    2451818.1663876087,
    2451818.170127192,
    2451818.1738667754,
    2451818.1776063587
  ],
  "mag": [
    4.6731401797117655e-05,
    -0.004821684551275851,
    0.007140008461822944,
    0.014766582069999146,
    0.022132529724148142,
    0.005370198042536245,
    0.010500506677125543,
    0.023769801183044947,
    0.020647328474000304,
    0.005661083720275073,
    0.024990473398906587,
    0.004567801082099976,
    0.010213493182410716,
    -0.0005943185286003683,
    0.0009550936467874749,
    -0.01140185763758872,
    -0.011942903940207472,
    -0.01698946908453891,
    -0.012708168747844084,
    -0.013264033092481142,
    -0.0005081382799456691,
    -0.0113018536098064,
    -0.007415527389124321,
    -0.014245036032397351,
    -0.01281288050636853,
    -0.012130008436786355,
    -0.014749725300285732,
    -0.007289191429048714,
    -0.006397720747010283,
    0.0001125317746151211,
    0.004508506204224716,
    -0.0014997660156002013,
    0.005549086346881893,
    0.0011723953226834283,
    0.012165563570880167,
    0.016543738043660383,
    0.021618547761759643,
    0.021831704806821506,
    0.01800895193539276,
    0.01641307411259696,
    0.016539493851146503,
    -0.001097013827552118,
    0.0003044835278949165,
    -0.012560238749196984,
    0.0021693985239661373,
    -0.010428890371256827,
    -0.0019304016648060696,
    -0.005959641284361439,
    -0.013570822387380943,
    -0.01600996966177881,
    -0.007304163071669478,
    -0.007678978442944739,
    -6.605308395712939e-05,
    -0.01952837440247812,
    -0.011533158571040758,
    -0.01082217205275171,
    -0.004885387327325574,
    -0.01359775752664838,
    0.0035986954009032956,
    0.005747503505604712
  ],
  "mag_err": [
    0.005,
    0.005,
    0.005,
    0.005,
    0.005,
    0.005,
    0.005,
    0.005,
    0.005,
    0.005,
    0.005,
    0.005,
    0.005,
    0.005,
    0.005,
    0.005,
    0.005,
    0.005,
    0.005,
    0.005,
    0.005,
    0.005,
    0.005,
    0.005,
    0.005,
    0.005,
    0.005,
    0.005,
    0.005,
    0.005,
    0.005,
    0.005,
    0.005,
    0.005,
    0.005,
    0.005,
    0.005,
    0.005,
    0.005,
    0.005,
    0.005,
    0.005,
    0.005,
    0.005,
    0.005,
    0.005,
    0.005,
    0.005,
    0.005,
    0.005,
    0.005,
    0.005,
    0.005,
    0.005,
    0.005,
    0.005,
    0.005,
    0.005,
    0.005,
    0.005
  ],
  "brightness": [
    18904.327928205705,
    18989.28482608965,
    18781.22568615687,
    18649.7623479926,
    18523.665203018198,
    18811.865094114655,
    18723.18515819942,
    18495.75288651278,
    18549.02145057498,
    18806.8257768863,
    18474.970154268613,
    18825.77285770569,
    18728.135271426072,
    18915.492883693292,
    18888.518566441024,
    19104.72003825692,
    19114.242714192686,
    19203.29362467931,
    19127.719849239365,
    19137.515174858607,
    18913.99152712204,
    19102.9604386781,
    19034.704793573408,
    19154.814443876236,
    19129.564674675854,
    19117.536948021283,
    19163.720360821917,
    19032.4900495217,
    19016.86936452762,
    18903.182277791177,
    18826.80101019745,
    18931.273999690653,
    18808.7658648378,
    18884.738554310563,
    18694.493772682134,
    18619.260992145886,
    18532.436287248038,
    18528.798265791418,
    18594.15102540959,
    18621.501879225747,
    18619.333775831517,
    18924.252774831173,
    18899.840602128905,
    19125.113902411915,
    18867.405151721407,
    19087.60728027008,
    18938.78420189898,
    19009.197869922544,
    19142.92349994711,
    19185.97714124609,
    19032.752497805708,
    19039.324075373,
    18906.29178060254,
    19248.251500951934,
    19107.030561980162,
    19094.522556741176,
    18990.399006165033,
    19143.39840693094,
    18842.583854662305,
    18805.328896559047
  ],
  "phase_angle_deg": [
    2.8242311952546055,
    2.8235381598840754,
    2.8228451301999273,
    2.8221521062092174,
    2.8214590879201715,
    2.82076607533986,
    2.820073068475749,
    2.8193800673355693,
    2.818687071926671,
    2.8179940821703715,
    2.8173010982464866,
    2.816608120076498,
    2.8159151476679156,
    2.8152221810285156,
    2.8145292201654333,
    2.8138362650862008,
    2.8131433157984866,
    2.8124503723103573,
    2.8117574346287175,
    2.8110645027616483,
    2.8103715767163293,
    2.8096786565004668,
    2.8089857421216458,
    2.8082928335875863,
    2.807599930906018,
    2.806907034084417,
    2.806214143043865,
    2.805521257965028,
    2.8048283787687636,
    2.8041355054628387,
    2.8034426380554165,
    2.802749776553629,
    2.8020569209653963,
    2.8013640712981243,
    2.800671227559748,
    2.799978389757949,
    2.7992855579002875,
    2.7985927319944603,
    2.7978999120484325,
    2.7972070980693955,
    2.79651429006533,
    2.7958214880439636,
    2.7951286920134235,
    2.794435901894685,
    2.7937431178680985,
    2.793050339855068,
    2.792357567863751,
    2.7916648019013994,
    2.7909720419765778,
    2.79027928809603,
    2.7895865402680764,
    2.788893798500782,
    2.7882010628013054,
    2.7875083331777293,
    2.786815609638141,
    2.7861228921903782,
    2.785430180841498,
    2.7847374755998744,
    2.784044776473891,
    2.7833520834704975
  ],