{
  "rms_mag": 0.03625,
  "hausdorff_norm": 0.04875,
  "iou": 0.9575,
  "confidence": 0.875
}