{
  "rms_mag": 0.032795,
  "hausdorff_norm": 0.043913,
  "iou": 0.969938,
  "confidence": 0.9441
}