{
  "rms_mag": 0.032625,
  "hausdorff_norm": 0.043675,
  "iou": 0.97055,
  "confidence": 0.9475
}