{
  "rms_mag": 0.036415,
  "hausdorff_norm": 0.048981,
  "iou": 0.956906,
  "confidence": 0.8717
}