{
  "item_id": "item_014",
  "seed": 42,
  "n_starts": 64,
  "ci95": {
    "lambda_deg": {
      "low": 112.3889526854332,
      "high": 127.92899946691288,
      "center": 120.45041356983624
    },
    "beta_deg": {
      "low": 30.29087211214455,
      "high": 39.49867700242806,
      "center": 35.048965110111915
    },
    "period_hours": {
      "low": 6.08275015598273,
      "high": 6.159187878343668,
      "center": 6.123572945405643
    },
    "axis_a": {
      "low": 15.274206677192293,
      "high": 16.76942803356591,
      "center": 16.04442927545412
    },
    "axis_b": {
      "low": 12.857971011508305,
      "high": 14.145939717800811,
      "center": 13.43397342895429
    },
    "axis_c": {
      "low": 10.655880734707452,
      "high": 11.753115213218848,
      "center": 11.170293651600717
    }
  }
}
