{
  "item_id": "item_011",
  "seed": 42,
  "convex_seed": [
    0.5,
    -0.1,
    0.3,
    0.05
  ],
  "refined": [
    0.19476920037092854,
    0.19405133785475837,
    0.19850412314476318,
    0.19407716929825003
  ],
  "objective_refined": 0.007914083723852352,
  "termination": {
    "max_generations": 120,
    "stall_limit": 20
  }
}