{
  "seed": 42,
  "n_obs": 96,
  "solution": {
    "period_hours": 7.40499999999998,
    "pole_lambda_deg": 0.0,
    "pole_beta_deg": 86.4184306813421,
    "score": 0.9995881018079141,
    "alias_scores": [
      [
        7.40499999999998,
        0.0004118981920858648
      ],
      [
        7.404999999999981,
        0.0004118981920858648
      ],
      [
        7.40999999999998,
        0.0004257624297657416
      ],
      [
        7.409999999999981,
        0.0004257624297657416
      ],
      [
        7.41499999999998,
        0.0004353241148836173
      ],
      [
        7.4149999999999805,
        0.0004353241148836173
      ],
      [
        7.4199999999999795,
        0.0004476319500333948
      ],
      [
        7.41999999999998,
        0.0004476319500333948
      ],
      [
        7.39999999999998,
        0.00047643335866275126
      ],
      [
        7.399999999999979,
        0.00047643335866275126
      ],
      [
        7.399999999999981,
        0.00047643335866275126
      ],
      [
        7.39499999999998,
        0.00047865780433507414
      ],
      [
        7.394999999999979,
        0.00047865780433507414
      ],
      [
        7.424999999999979,
        0.000480843531089511
      ],
      [
        7.42499999999998,
        0.000480843531089511
      ],
      [
        7.38999999999998,
        0.0004885076060796861
      ],
      [
        7.389999999999979,
        0.0004885076060796861
      ],
      [
        7.434999999999979,
        0.0005429003669370766
      ],
      [
        7.43499999999998,
        0.0005429003669370766
      ],
      [
        7.369999999999981,
        0.0005574466207330788
      ]
    ]
  }
}