{
  "item_id": "item_013",
  "seed": 42,
  "updates": [
    {
      "val_error": 0.1,
      "weights": {
        "w_photo": 0.5633802816901409,
        "w_smooth": 0.12676056338028172,
        "w_physical": 0.09389671361502348,
        "w_concavity": 0.21596244131455397
      },
      "loss_example": 0.030046948356807514
    },
    {
      "val_error": 0.06,
      "weights": {
        "w_photo": 0.5701357466063349,
        "w_smooth": 0.12217194570135748,
        "w_physical": 0.0995475113122172,
        "w_concavity": 0.20814479638009045
      },
      "loss_example": 0.030316742081447964
    },
    {
      "val_error": 0.03,
      "weights": {
        "w_photo": 0.5635062611806798,
        "w_smooth": 0.13282647584973167,
        "w_physical": 0.10822898032200357,
        "w_concavity": 0.19543828264758487
      },
      "loss_example": 0.030398032200357784
    }
  ]
}