{
  "rms_mag": 0.03499,
  "hausdorff_norm": 0.046986,
  "iou": 0.962036,
  "confidence": 0.9002
}