{
  "rms_mag": 0.037095,
  "hausdorff_norm": 0.049933,
  "iou": 0.954458,
  "confidence": 0.8581
}