{
  "rms_mag": 0.034165,
  "hausdorff_norm": 0.045831,
  "iou": 0.965006,
  "confidence": 0.9167
}