{
  "rms_mag": 0.03711,
  "hausdorff_norm": 0.049954,
  "iou": 0.954404,
  "confidence": 0.8578
}