{
  "rms_mag": 0.03875,
  "hausdorff_norm": 0.05225,
  "iou": 0.9485,
  "confidence": 0.825
}